-- phpMyAdmin SQL Dump
-- version 4.2.11
-- http://www.phpmyadmin.net
--
-- Servidor: 127.0.0.1
-- Tiempo de generación: 29-07-2016 a las 22:48:00
-- Versión del servidor: 5.6.21
-- Versión de PHP: 5.6.3

SET SQL_MODE = "NO_AUTO_VALUE_ON_ZERO";
SET time_zone = "+00:00";


/*!40101 SET @OLD_CHARACTER_SET_CLIENT=@@CHARACTER_SET_CLIENT */;
/*!40101 SET @OLD_CHARACTER_SET_RESULTS=@@CHARACTER_SET_RESULTS */;
/*!40101 SET @OLD_COLLATION_CONNECTION=@@COLLATION_CONNECTION */;
/*!40101 SET NAMES utf8 */;

--
-- Base de datos: `etutorcl_electivo`
--

-- --------------------------------------------------------

--
-- Estructura de tabla para la tabla `colegio`
--

CREATE TABLE IF NOT EXISTS `colegio` (
`id_col` int(11) NOT NULL,
  `desc_col` text COLLATE utf8_spanish_ci NOT NULL
) ENGINE=InnoDB AUTO_INCREMENT=4 DEFAULT CHARSET=utf8 COLLATE=utf8_spanish_ci;

--
-- Volcado de datos para la tabla `colegio`
--

INSERT INTO `colegio` (`id_col`, `desc_col`) VALUES
(1, 'M'),
(2, 'F'),
(3, 'P');

-- --------------------------------------------------------

--
-- Estructura de tabla para la tabla `curso`
--

CREATE TABLE IF NOT EXISTS `curso` (
`id_cur` int(11) NOT NULL,
  `id_nivel` int(11) NOT NULL,
  `desc_cur` text COLLATE utf8_spanish_ci NOT NULL,
  `id_col` int(11) NOT NULL,
  `est_cur` int(11) NOT NULL
) ENGINE=InnoDB AUTO_INCREMENT=17 DEFAULT CHARSET=utf8 COLLATE=utf8_spanish_ci;

--
-- Volcado de datos para la tabla `curso`
--

INSERT INTO `curso` (`id_cur`, `id_nivel`, `desc_cur`, `id_col`, `est_cur`) VALUES
(1, 10, 'IIA', 1, 1),
(2, 10, 'IIB', 1, 1),
(3, 10, 'IIC', 1, 1),
(4, 10, 'IID', 1, 1),
(5, 11, 'IIIA', 1, 1),
(6, 11, 'IIIB', 1, 1),
(7, 11, 'IIIC', 1, 1),
(8, 11, 'IIID', 1, 1),
(9, 8, '8A', 1, 1),
(10, 8, '8B', 1, 1),
(11, 8, '8C', 1, 1),
(12, 8, '8D', 1, 1),
(13, 9, 'IA', 1, 1),
(14, 9, 'IB', 1, 1),
(15, 9, 'IC', 1, 1),
(16, 9, 'ID', 1, 1);

-- --------------------------------------------------------

--
-- Estructura de tabla para la tabla `electivo`
--

CREATE TABLE IF NOT EXISTS `electivo` (
`id_elect` int(11) NOT NULL,
  `id_plan` int(11) NOT NULL,
  `desc_elect` varchar(80) COLLATE utf8_spanish_ci NOT NULL,
  `nhora_elect` int(11) NOT NULL,
  `oblig_elect` tinyint(1) NOT NULL,
  `plcomp_elect` tinyint(1) NOT NULL,
  `id_nivel` int(11) NOT NULL,
  `cupo_elect` int(11) NOT NULL,
  `prof_elect` varchar(80) CHARACTER SET latin1 NOT NULL,
  `id_col` int(1) NOT NULL,
  `ruta_arch_elect` varchar(120) CHARACTER SET latin1 NOT NULL,
  `est_elect` int(11) NOT NULL
) ENGINE=InnoDB AUTO_INCREMENT=24 DEFAULT CHARSET=utf8 COLLATE=utf8_spanish_ci;

--
-- Volcado de datos para la tabla `electivo`
--

INSERT INTO `electivo` (`id_elect`, `id_plan`, `desc_elect`, `nhora_elect`, `oblig_elect`, `plcomp_elect`, `id_nivel`, `cupo_elect`, `prof_elect`, `id_col`, `ruta_arch_elect`, `est_elect`) VALUES
(1, 1, 'Estudio Retrospectivo de la Identidad Chilena', 3, 1, 1, 10, 60, 'Francisco Rojas, Nicolás Salgado \r\n', 1, '../archivos/Programa_ElectivoIII_EstudioRetrospectivo.pdf', 1),
(2, 1, 'Literatura e Identidad', 2, 0, 1, 10, 28, 'Mario Carrasco', 1, '../archivos/Programa_ElectivoIII_LiteraturaIdentidad.pdf', 1),
(3, 4, 'Cultura e Identidad en la Literatura Inglesa', 2, 0, 0, 10, 28, 'Hugo Cortés', 1, '../archivos/Programa_ElectivoIII_English.pdf', 1),
(4, 4, 'Herramienta de Productividad y Diseño web', 2, 0, 0, 10, 28, 'Roberto Hidalgo', 1, '../archivos/Programa_ElectivoIII_HerramientaProduct_DisWeb.pdf', 1),
(5, 4, 'Diseño I', 2, 0, 0, 10, 12, 'Daniela Jara', 1, '../archivos/Programa_ElectivoIII_DisenoyArq.pdf', 1),
(6, 2, 'Ecología y Medio Ambiente', 3, 1, 1, 10, 30, 'Daniela Retamales', 1, '../archivos/Programa_ElectivoIII_Biologia.pdf', 1),
(7, 2, 'Química 1', 2, 0, 1, 10, 30, 'Cristina Valenzuela ', 1, '../archivos/Programa_electivoIII_Quimica1.pdf', 1),
(8, 3, 'Álgebra y Modelos Analíticos', 3, 1, 1, 10, 60, 'María Jeldes, Felipe Aravena', 1, '../archivos/Programa_ElectivoIII_Algebra.pdf', 1),
(9, 3, 'Matemática Financiera', 2, 0, 1, 10, 60, 'María Jeldes, Pablo Comte', 1, '../archivos/Programa_ElectivoIII_MatematicaFinanciera.pdf', 1),
(10, 3, 'Mecánica', 2, 0, 1, 10, 30, 'Paula Urrutia', 1, '../archivos/Programa_ElectivoIII_Mecanica.pdf', 1),
(11, 1, 'Lenguaje y Sociedad', 3, 1, 1, 11, 56, 'Marcos Cáceres, Felipe Yañez', 1, '../archivos/Programa_ElectivoIV_LenguajeSociedad.pdf', 1),
(12, 1, 'Realidad Nacional', 2, 0, 1, 11, 60, 'Marcela Gutiérrez, Sebastián Pastén', 1, '../archivos/Programa_ElectivoIV_RealidadNacional.pdf', 1),
(13, 4, 'Fundamentos de la Programación Computacional', 2, 0, 0, 11, 28, 'Roberto Hidalgo', 1, '../archivos/Programa_ElectivoIV_FundamentosProgramacion.pdf', 1),
(14, 4, 'Culture and Identity Through American Literature', 2, 0, 0, 11, 28, 'Paulina Zalduondo', 1, '../archivos/Programa_ElectivoIV_English.pdf', 1),
(15, 4, 'Diseño y Arquitectura II', 2, 0, 0, 11, 12, 'Ignacia Gonzalez', 1, '../archivos/Programa_ElectivoIV_DisenoyArq.pdf', 1),
(16, 2, 'Célula, Genoma y Organismo', 3, 1, 1, 11, 30, 'Karen Coindreau', 1, '../archivos/Programa_ElectivoIV_Biologia.pdf', 1),
(17, 2, 'Química 2', 2, 0, 1, 11, 30, 'Felipe Matus', 1, '../archivos/Programa_ElectivoIV_Quimica.pdf', 1),
(18, 3, 'Cálculo', 3, 1, 1, 11, 60, 'María Jeldes, Felipe Aravena', 1, '../archivos/Programa_ElectivoIV_Calculo.pdf', 1),
(19, 3, 'Termodinámica', 2, 0, 1, 11, 30, '', 1, '../archivos/Programa_ElectivoIV_Termodinamica.pdf', 1),
(20, 5, 'Arte', 2, 1, 0, 8, 30, '', 1, '', 1),
(21, 5, 'Música', 2, 1, 0, 8, 30, '', 1, '', 1),
(22, 5, 'Arte', 2, 1, 0, 9, 30, '', 1, '', 1),
(23, 5, 'Música', 2, 1, 0, 9, 30, '', 1, '', 1);

-- --------------------------------------------------------

--
-- Estructura de tabla para la tabla `fecha`
--

CREATE TABLE IF NOT EXISTS `fecha` (
`id_fecha` int(11) NOT NULL,
  `fecha` date NOT NULL,
  `id_col` int(11) NOT NULL
) ENGINE=InnoDB AUTO_INCREMENT=2 DEFAULT CHARSET=utf8 COLLATE=utf8_spanish_ci;

--
-- Volcado de datos para la tabla `fecha`
--

INSERT INTO `fecha` (`id_fecha`, `fecha`, `id_col`) VALUES
(1, '2016-08-01', 1);

-- --------------------------------------------------------

--
-- Estructura de tabla para la tabla `nivel`
--

CREATE TABLE IF NOT EXISTS `nivel` (
`id_nivel` int(11) NOT NULL,
  `desc_niv` text COLLATE utf8_spanish_ci NOT NULL
) ENGINE=InnoDB AUTO_INCREMENT=12 DEFAULT CHARSET=utf8 COLLATE=utf8_spanish_ci;

--
-- Volcado de datos para la tabla `nivel`
--

INSERT INTO `nivel` (`id_nivel`, `desc_niv`) VALUES
(8, 'Octavo Básico'),
(9, 'Primero Medio'),
(10, 'Segundo medio'),
(11, 'Tercero Medio');

-- --------------------------------------------------------

--
-- Estructura de tabla para la tabla `plan`
--

CREATE TABLE IF NOT EXISTS `plan` (
`id_plan` int(11) NOT NULL,
  `desc_plan` text COLLATE utf8_spanish_ci NOT NULL,
  `est_plan` int(11) NOT NULL
) ENGINE=InnoDB AUTO_INCREMENT=6 DEFAULT CHARSET=utf8 COLLATE=utf8_spanish_ci;

--
-- Volcado de datos para la tabla `plan`
--

INSERT INTO `plan` (`id_plan`, `desc_plan`, `est_plan`) VALUES
(1, 'Humanista', 1),
(2, 'Científico', 1),
(3, 'Matemático', 1),
(4, 'Humanista-Científico-Matemático', 1),
(5, 'Arte-Música', 1);

-- --------------------------------------------------------

--
-- Estructura de tabla para la tabla `s_electivo`
--

CREATE TABLE IF NOT EXISTS `s_electivo` (
`id_elect_s` int(11) NOT NULL,
  `id_plan` int(11) NOT NULL,
  `id_elect` int(11) NOT NULL,
  `id_usr` int(11) NOT NULL,
  `id_cur` int(11) NOT NULL,
  `fech_elect_s` timestamp NOT NULL DEFAULT CURRENT_TIMESTAMP,
  `id_col` int(1) NOT NULL,
  `est_elect_s` int(11) NOT NULL
) ENGINE=InnoDB AUTO_INCREMENT=673 DEFAULT CHARSET=utf8 COLLATE=utf8_spanish_ci;

--
-- Volcado de datos para la tabla `s_electivo`
--

INSERT INTO `s_electivo` (`id_elect_s`, `id_plan`, `id_elect`, `id_usr`, `id_cur`, `fech_elect_s`, `id_col`, `est_elect_s`) VALUES
(5, 3, 8, 513, 3, '2015-10-29 17:24:22', 1, 0),
(6, 3, 9, 513, 3, '2015-10-29 17:24:22', 1, 0),
(7, 3, 8, 293, 1, '2015-11-02 18:03:23', 1, 0),
(8, 3, 9, 293, 1, '2015-11-02 18:03:23', 1, 0),
(9, 1, 1, 356, 3, '2015-11-02 18:06:33', 1, 1),
(10, 3, 9, 356, 3, '2015-11-02 18:06:33', 1, 1),
(11, 2, 6, 287, 1, '2015-11-02 18:51:27', 1, 0),
(12, 3, 9, 287, 1, '2015-11-02 18:51:27', 1, 0),
(13, 3, 8, 305, 1, '2015-11-02 19:35:30', 1, 1),
(14, 3, 9, 305, 1, '2015-11-02 19:35:30', 1, 1),
(15, 3, 8, 302, 1, '2015-11-02 20:08:27', 1, 1),
(16, 3, 9, 302, 1, '2015-11-02 20:08:27', 1, 1),
(17, 3, 8, 297, 1, '2015-11-02 20:09:38', 1, 1),
(18, 3, 9, 297, 1, '2015-11-02 20:09:38', 1, 1),
(19, 3, 8, 294, 1, '2015-11-02 20:14:02', 1, 1),
(20, 3, 9, 294, 1, '2015-11-02 20:14:02', 1, 1),
(21, 2, 6, 375, 4, '2015-11-02 21:06:41', 1, 1),
(22, 2, 7, 375, 4, '2015-11-02 21:06:41', 1, 1),
(23, 1, 1, 381, 4, '2015-11-02 21:23:26', 1, 1),
(24, 1, 2, 381, 4, '2015-11-02 21:23:26', 1, 1),
(25, 3, 8, 374, 4, '2015-11-02 21:44:23', 1, 0),
(26, 3, 10, 374, 4, '2015-11-02 21:44:23', 1, 0),
(27, 2, 6, 374, 4, '2015-11-02 21:47:16', 1, 0),
(28, 4, 5, 374, 4, '2015-11-02 21:47:16', 1, 0),
(29, 1, 1, 283, 1, '2015-11-02 21:50:53', 1, 1),
(30, 1, 2, 283, 1, '2015-11-02 21:50:53', 1, 1),
(31, 3, 8, 374, 4, '2015-11-02 21:58:40', 1, 0),
(32, 4, 5, 374, 4, '2015-11-02 21:58:40', 1, 0),
(33, 2, 6, 346, 3, '2015-11-02 22:39:39', 1, 1),
(34, 2, 7, 346, 3, '2015-11-02 22:39:40', 1, 1),
(35, 1, 1, 352, 3, '2015-11-02 22:44:49', 1, 1),
(36, 3, 9, 352, 3, '2015-11-02 22:44:49', 1, 1),
(37, 3, 8, 333, 2, '2015-11-02 22:45:31', 1, 0),
(38, 4, 5, 333, 2, '2015-11-02 22:45:31', 1, 0),
(39, 3, 8, 341, 3, '2015-11-02 22:47:46', 1, 1),
(40, 3, 9, 341, 3, '2015-11-02 22:47:46', 1, 1),
(41, 3, 8, 367, 3, '2015-11-02 22:59:01', 1, 1),
(42, 3, 9, 367, 3, '2015-11-02 22:59:01', 1, 1),
(43, 3, 8, 303, 1, '2015-11-02 23:02:03', 1, 1),
(44, 3, 9, 303, 1, '2015-11-02 23:02:03', 1, 1),
(45, 1, 1, 382, 4, '2015-11-02 23:04:12', 1, 1),
(46, 4, 5, 382, 4, '2015-11-02 23:04:12', 1, 1),
(47, 3, 8, 355, 3, '2015-11-02 23:37:00', 1, 1),
(48, 3, 9, 355, 3, '2015-11-02 23:37:00', 1, 1),
(49, 2, 6, 361, 3, '2015-11-02 23:43:01', 1, 1),
(50, 3, 9, 361, 3, '2015-11-02 23:43:01', 1, 1),
(51, 3, 8, 342, 3, '2015-11-02 23:43:32', 1, 1),
(52, 3, 9, 342, 3, '2015-11-02 23:43:32', 1, 1),
(53, 3, 8, 316, 2, '2015-11-02 23:56:44', 1, 0),
(54, 3, 9, 316, 2, '2015-11-02 23:56:44', 1, 0),
(55, 1, 1, 344, 3, '2015-11-03 00:11:02', 1, 0),
(56, 3, 10, 344, 3, '2015-11-03 00:11:02', 1, 0),
(57, 2, 6, 383, 4, '2015-11-03 00:21:01', 1, 1),
(58, 2, 7, 383, 4, '2015-11-03 00:21:01', 1, 1),
(59, 1, 1, 394, 4, '2015-11-03 00:41:13', 1, 0),
(60, 1, 2, 394, 4, '2015-11-03 00:41:13', 1, 0),
(61, 1, 1, 282, 1, '2015-11-03 00:47:06', 1, 1),
(62, 1, 2, 282, 1, '2015-11-03 00:47:06', 1, 1),
(63, 3, 8, 326, 2, '2015-11-03 01:18:28', 1, 1),
(64, 3, 9, 326, 2, '2015-11-03 01:18:29', 1, 1),
(65, 3, 8, 308, 1, '2015-11-03 01:29:09', 1, 1),
(66, 3, 10, 308, 1, '2015-11-03 01:29:09', 1, 1),
(67, 3, 8, 320, 2, '2015-11-03 02:13:40', 1, 0),
(68, 3, 9, 320, 2, '2015-11-03 02:13:40', 1, 0),
(69, 2, 6, 320, 2, '2015-11-03 02:14:17', 1, 0),
(70, 3, 10, 320, 2, '2015-11-03 02:14:17', 1, 0),
(71, 3, 8, 320, 2, '2015-11-03 02:16:16', 1, 0),
(72, 3, 9, 320, 2, '2015-11-03 02:16:16', 1, 0),
(73, 3, 8, 312, 2, '2015-11-03 11:12:57', 1, 1),
(74, 3, 9, 312, 2, '2015-11-03 11:12:57', 1, 1),
(75, 3, 8, 331, 2, '2015-11-03 11:15:18', 1, 1),
(76, 3, 9, 331, 2, '2015-11-03 11:15:18', 1, 1),
(77, 1, 1, 332, 2, '2015-11-03 11:19:51', 1, 1),
(78, 3, 9, 332, 2, '2015-11-03 11:19:51', 1, 1),
(79, 3, 8, 386, 4, '2015-11-03 11:50:54', 1, 0),
(80, 3, 9, 386, 4, '2015-11-03 11:50:54', 1, 0),
(81, 2, 6, 301, 1, '2015-11-03 13:09:02', 1, 1),
(82, 3, 9, 301, 1, '2015-11-03 13:09:02', 1, 1),
(83, 1, 1, 284, 1, '2015-11-03 13:12:30', 1, 0),
(84, 3, 9, 284, 1, '2015-11-03 13:12:30', 1, 0),
(85, 1, 1, 351, 3, '2015-11-03 16:46:46', 1, 1),
(86, 3, 9, 351, 3, '2015-11-03 16:46:46', 1, 1),
(87, 1, 1, 364, 3, '2015-11-03 18:50:07', 1, 0),
(88, 3, 9, 364, 3, '2015-11-03 18:50:07', 1, 0),
(89, 3, 8, 365, 3, '2015-11-03 19:09:20', 1, 0),
(90, 3, 10, 365, 3, '2015-11-03 19:09:20', 1, 0),
(91, 3, 8, 363, 3, '2015-11-03 19:55:51', 1, 1),
(92, 3, 9, 363, 3, '2015-11-03 19:55:51', 1, 1),
(93, 1, 1, 357, 3, '2015-11-03 21:12:38', 1, 1),
(94, 1, 2, 357, 3, '2015-11-03 21:12:38', 1, 1),
(95, 3, 8, 316, 2, '2015-11-03 22:33:36', 1, 1),
(96, 3, 9, 316, 2, '2015-11-03 22:33:36', 1, 1),
(97, 1, 1, 358, 3, '2015-11-03 22:51:36', 1, 1),
(98, 4, 5, 358, 3, '2015-11-03 22:51:36', 1, 1),
(99, 1, 1, 300, 1, '2015-11-03 23:09:21', 1, 1),
(100, 1, 2, 300, 1, '2015-11-03 23:09:21', 1, 1),
(101, 1, 1, 370, 4, '2015-11-04 00:01:44', 1, 1),
(102, 4, 5, 370, 4, '2015-11-04 00:01:44', 1, 1),
(103, 3, 8, 384, 4, '2015-11-04 00:15:16', 1, 1),
(104, 3, 9, 384, 4, '2015-11-04 00:15:16', 1, 1),
(105, 2, 6, 296, 1, '2015-11-04 02:05:18', 1, 1),
(106, 4, 5, 296, 1, '2015-11-04 02:05:18', 1, 1),
(107, 2, 6, 324, 2, '2015-11-04 02:46:41', 1, 1),
(108, 2, 7, 324, 2, '2015-11-04 02:46:41', 1, 1),
(109, 1, 11, 420, 5, '2015-11-04 06:21:52', 1, 0),
(110, 1, 12, 420, 5, '2015-11-04 06:21:52', 1, 0),
(111, 1, 1, 344, 3, '2015-11-04 08:25:39', 1, 0),
(112, 3, 10, 344, 3, '2015-11-04 08:25:39', 1, 0),
(117, 3, 8, 347, 3, '2015-11-04 11:33:58', 1, 0),
(118, 4, 3, 347, 3, '2015-11-04 11:33:58', 1, 0),
(119, 3, 18, 422, 5, '2015-11-04 18:53:13', 1, 0),
(120, 3, 19, 422, 5, '2015-11-04 18:53:13', 1, 0),
(121, 1, 11, 423, 5, '2015-11-04 18:55:08', 1, 1),
(122, 4, 15, 423, 5, '2015-11-04 18:55:08', 1, 1),
(123, 3, 18, 410, 5, '2015-11-04 18:58:10', 1, 0),
(124, 3, 19, 410, 5, '2015-11-04 18:58:10', 1, 0),
(125, 1, 11, 425, 5, '2015-11-04 19:00:57', 1, 1),
(126, 4, 15, 425, 5, '2015-11-04 19:00:57', 1, 1),
(127, 2, 16, 410, 5, '2015-11-04 19:00:57', 1, 0),
(128, 3, 19, 410, 5, '2015-11-04 19:00:57', 1, 0),
(129, 3, 18, 399, 5, '2015-11-04 19:01:28', 1, 0),
(130, 4, 14, 399, 5, '2015-11-04 19:01:28', 1, 0),
(131, 1, 11, 452, 6, '2015-11-04 19:05:36', 1, 1),
(132, 4, 15, 452, 6, '2015-11-04 19:05:36', 1, 1),
(133, 3, 18, 412, 5, '2015-11-04 19:06:25', 1, 1),
(134, 4, 15, 412, 5, '2015-11-04 19:06:25', 1, 1),
(135, 1, 11, 455, 6, '2015-11-04 19:06:50', 1, 1),
(136, 4, 15, 455, 6, '2015-11-04 19:06:50', 1, 1),
(137, 1, 11, 421, 5, '2015-11-04 19:06:55', 1, 1),
(138, 1, 12, 421, 5, '2015-11-04 19:06:55', 1, 1),
(139, 3, 18, 398, 5, '2015-11-04 19:07:32', 1, 0),
(140, 4, 14, 398, 5, '2015-11-04 19:07:32', 1, 0),
(141, 1, 11, 449, 6, '2015-11-04 19:10:11', 1, 1),
(142, 4, 15, 449, 6, '2015-11-04 19:10:11', 1, 1),
(143, 1, 11, 508, 8, '2015-11-04 19:10:37', 1, 1),
(144, 4, 13, 508, 8, '2015-11-04 19:10:37', 1, 1),
(145, 1, 11, 440, 6, '2015-11-04 19:12:48', 1, 1),
(146, 4, 15, 440, 6, '2015-11-04 19:12:48', 1, 1),
(147, 1, 11, 460, 7, '2015-11-04 19:19:00', 1, 1),
(148, 4, 15, 460, 7, '2015-11-04 19:19:00', 1, 1),
(149, 2, 16, 408, 5, '2015-11-04 19:20:59', 1, 1),
(150, 4, 14, 408, 5, '2015-11-04 19:20:59', 1, 1),
(151, 2, 16, 456, 7, '2015-11-04 19:21:01', 1, 0),
(152, 4, 15, 456, 7, '2015-11-04 19:21:02', 1, 0),
(153, 2, 16, 448, 6, '2015-11-04 19:24:14', 1, 1),
(154, 4, 15, 448, 6, '2015-11-04 19:24:14', 1, 1),
(155, 1, 11, 483, 7, '2015-11-04 19:24:38', 1, 1),
(156, 4, 15, 483, 7, '2015-11-04 19:24:38', 1, 1),
(157, 2, 16, 481, 7, '2015-11-04 19:25:32', 1, 1),
(158, 4, 15, 481, 7, '2015-11-04 19:25:32', 1, 1),
(159, 1, 11, 454, 6, '2015-11-04 19:25:49', 1, 1),
(160, 4, 15, 454, 6, '2015-11-04 19:25:49', 1, 1),
(161, 1, 11, 475, 7, '2015-11-04 19:26:14', 1, 1),
(162, 4, 15, 475, 7, '2015-11-04 19:26:14', 1, 1),
(163, 1, 11, 436, 6, '2015-11-04 19:30:27', 1, 1),
(164, 4, 15, 436, 6, '2015-11-04 19:30:27', 1, 1),
(165, 3, 18, 473, 7, '2015-11-04 19:34:07', 1, 0),
(166, 4, 14, 473, 7, '2015-11-04 19:34:07', 1, 0),
(167, 3, 18, 441, 6, '2015-11-04 19:35:34', 1, 1),
(168, 4, 13, 441, 6, '2015-11-04 19:35:34', 1, 1),
(169, 1, 11, 453, 6, '2015-11-04 19:36:21', 1, 1),
(170, 1, 12, 453, 6, '2015-11-04 19:36:21', 1, 1),
(171, 1, 11, 415, 5, '2015-11-04 19:53:02', 1, 1),
(172, 4, 15, 415, 5, '2015-11-04 19:53:02', 1, 1),
(173, 1, 11, 406, 5, '2015-11-04 19:53:50', 1, 1),
(174, 4, 14, 406, 5, '2015-11-04 19:53:50', 1, 1),
(175, 1, 1, 345, 3, '2015-11-04 20:04:18', 1, 1),
(176, 3, 9, 345, 3, '2015-11-04 20:04:18', 1, 1),
(177, 3, 18, 419, 5, '2015-11-04 20:06:12', 1, 1),
(178, 1, 12, 419, 5, '2015-11-04 20:06:12', 1, 1),
(179, 1, 11, 469, 7, '2015-11-04 20:09:29', 1, 1),
(180, 4, 13, 469, 7, '2015-11-04 20:09:29', 1, 1),
(181, 1, 1, 314, 2, '2015-11-04 20:10:21', 1, 1),
(182, 4, 3, 314, 2, '2015-11-04 20:10:21', 1, 1),
(183, 1, 11, 463, 7, '2015-11-04 20:20:49', 1, 1),
(184, 1, 12, 463, 7, '2015-11-04 20:20:49', 1, 1),
(185, 3, 18, 407, 5, '2015-11-04 20:26:18', 1, 1),
(186, 1, 12, 407, 5, '2015-11-04 20:26:18', 1, 1),
(187, 2, 16, 405, 5, '2015-11-04 20:32:24', 1, 1),
(188, 2, 17, 405, 5, '2015-11-04 20:32:24', 1, 1),
(189, 3, 18, 478, 7, '2015-11-04 20:34:33', 1, 1),
(190, 3, 19, 478, 7, '2015-11-04 20:34:33', 1, 1),
(191, 1, 11, 468, 7, '2015-11-04 20:44:53', 1, 1),
(192, 1, 12, 468, 7, '2015-11-04 20:44:53', 1, 1),
(193, 3, 18, 500, 8, '2015-11-04 20:53:02', 1, 1),
(194, 4, 15, 500, 8, '2015-11-04 20:53:02', 1, 1),
(195, 1, 11, 471, 7, '2015-11-04 21:07:31', 1, 0),
(196, 4, 15, 471, 7, '2015-11-04 21:07:31', 1, 0),
(197, 2, 16, 416, 5, '2015-11-04 21:10:47', 1, 0),
(198, 4, 15, 416, 5, '2015-11-04 21:10:47', 1, 0),
(199, 1, 1, 329, 2, '2015-11-04 21:14:43', 1, 1),
(200, 4, 5, 329, 2, '2015-11-04 21:14:43', 1, 1),
(201, 3, 8, 292, 1, '2015-11-04 21:16:02', 1, 1),
(202, 3, 9, 292, 1, '2015-11-04 21:16:02', 1, 1),
(203, 3, 18, 462, 7, '2015-11-04 21:17:59', 1, 0),
(204, 3, 19, 462, 7, '2015-11-04 21:17:59', 1, 0),
(205, 3, 8, 387, 4, '2015-11-04 21:39:39', 1, 1),
(206, 3, 9, 387, 4, '2015-11-04 21:39:39', 1, 1),
(207, 3, 18, 479, 7, '2015-11-04 21:50:58', 1, 1),
(208, 1, 12, 479, 7, '2015-11-04 21:50:58', 1, 1),
(209, 1, 1, 354, 3, '2015-11-04 21:58:59', 1, 1),
(210, 1, 2, 354, 3, '2015-11-04 21:58:59', 1, 1),
(211, 3, 18, 499, 8, '2015-11-04 22:24:42', 1, 0),
(212, 4, 15, 499, 8, '2015-11-04 22:24:42', 1, 0),
(213, 3, 18, 499, 8, '2015-11-04 22:26:23', 1, 0),
(214, 4, 15, 499, 8, '2015-11-04 22:26:23', 1, 0),
(215, 3, 8, 396, 4, '2015-11-04 22:32:44', 1, 0),
(216, 3, 9, 396, 4, '2015-11-04 22:32:44', 1, 0),
(217, 3, 8, 288, 1, '2015-11-04 22:52:14', 1, 0),
(218, 3, 10, 288, 1, '2015-11-04 22:52:14', 1, 0),
(219, 3, 8, 385, 4, '2015-11-04 23:51:04', 1, 1),
(220, 3, 9, 385, 4, '2015-11-04 23:51:04', 1, 1),
(221, 3, 8, 325, 2, '2015-11-05 00:01:33', 1, 1),
(222, 3, 10, 325, 2, '2015-11-05 00:01:33', 1, 1),
(223, 2, 6, 334, 2, '2015-11-05 00:42:23', 1, 1),
(224, 3, 9, 334, 2, '2015-11-05 00:42:23', 1, 1),
(225, 3, 8, 336, 2, '2015-11-05 01:53:44', 1, 1),
(226, 3, 9, 336, 2, '2015-11-05 01:53:44', 1, 1),
(227, 1, 1, 373, 4, '2015-11-05 02:03:47', 1, 1),
(228, 3, 9, 373, 4, '2015-11-05 02:03:47', 1, 1),
(229, 1, 11, 403, 5, '2015-11-05 10:07:03', 1, 0),
(230, 1, 12, 403, 5, '2015-11-05 10:07:03', 1, 0),
(231, 3, 18, 414, 5, '2015-11-05 14:16:22', 1, 0),
(232, 4, 14, 414, 5, '2015-11-05 14:16:22', 1, 0),
(233, 2, 16, 417, 5, '2015-11-05 14:21:38', 1, 1),
(234, 2, 17, 417, 5, '2015-11-05 14:21:38', 1, 1),
(235, 1, 11, 511, 8, '2015-11-05 14:35:15', 1, 1),
(236, 4, 14, 511, 8, '2015-11-05 14:35:15', 1, 1),
(237, 1, 11, 464, 7, '2015-11-05 14:48:07', 1, 1),
(238, 1, 12, 464, 7, '2015-11-05 14:48:07', 1, 1),
(239, 3, 18, 458, 7, '2015-11-05 14:58:25', 1, 1),
(240, 1, 12, 458, 7, '2015-11-05 14:58:25', 1, 1),
(241, 3, 18, 476, 7, '2015-11-05 15:00:36', 1, 1),
(242, 1, 12, 476, 7, '2015-11-05 15:00:36', 1, 1),
(243, 1, 11, 477, 7, '2015-11-05 15:01:10', 1, 1),
(244, 4, 14, 477, 7, '2015-11-05 15:01:10', 1, 1),
(245, 2, 16, 493, 8, '2015-11-05 15:15:06', 1, 1),
(246, 4, 15, 493, 8, '2015-11-05 15:15:06', 1, 1),
(247, 3, 18, 470, 7, '2015-11-05 17:54:52', 1, 0),
(248, 1, 12, 470, 7, '2015-11-05 17:54:52', 1, 0),
(249, 3, 8, 295, 1, '2015-11-05 19:09:46', 1, 1),
(250, 3, 9, 295, 1, '2015-11-05 19:09:46', 1, 1),
(251, 1, 11, 427, 6, '2015-11-05 20:29:15', 1, 1),
(252, 1, 12, 427, 6, '2015-11-05 20:29:15', 1, 1),
(253, 3, 8, 391, 4, '2015-11-05 20:34:19', 1, 0),
(254, 3, 9, 391, 4, '2015-11-05 20:34:19', 1, 0),
(255, 1, 1, 390, 4, '2015-11-05 21:19:10', 1, 0),
(256, 1, 2, 390, 4, '2015-11-05 21:19:10', 1, 0),
(257, 1, 1, 321, 2, '2015-11-05 21:22:49', 1, 1),
(258, 3, 9, 321, 2, '2015-11-05 21:22:49', 1, 1),
(259, 1, 1, 319, 2, '2015-11-05 21:25:30', 1, 1),
(260, 3, 9, 319, 2, '2015-11-05 21:25:30', 1, 1),
(261, 1, 1, 298, 1, '2015-11-06 00:11:29', 1, 1),
(262, 1, 2, 298, 1, '2015-11-06 00:11:29', 1, 1),
(263, 2, 16, 506, 8, '2015-11-06 01:23:48', 1, 1),
(264, 2, 17, 506, 8, '2015-11-06 01:23:48', 1, 1),
(265, 3, 8, 290, 1, '2015-11-06 02:48:40', 1, 0),
(266, 3, 9, 290, 1, '2015-11-06 02:48:40', 1, 0),
(267, 3, 18, 466, 7, '2015-11-06 12:16:29', 1, 1),
(268, 1, 12, 466, 7, '2015-11-06 12:16:29', 1, 1),
(269, 1, 11, 465, 7, '2015-11-06 16:28:35', 1, 0),
(270, 4, 14, 465, 7, '2015-11-06 16:28:35', 1, 0),
(271, 1, 1, 359, 3, '2015-11-06 16:35:59', 1, 1),
(272, 3, 9, 359, 3, '2015-11-06 16:35:59', 1, 1),
(273, 3, 18, 505, 8, '2015-11-06 16:47:14', 1, 1),
(274, 1, 12, 505, 8, '2015-11-06 16:47:14', 1, 1),
(275, 3, 8, 513, 3, '2015-11-06 17:44:16', 1, 1),
(276, 3, 9, 513, 3, '2015-11-06 17:44:16', 1, 1),
(277, 3, 8, 339, 2, '2015-11-07 13:48:56', 1, 1),
(278, 3, 9, 339, 2, '2015-11-07 13:48:56', 1, 1),
(279, 3, 18, 480, 7, '2015-11-08 02:57:13', 1, 1),
(280, 1, 12, 480, 7, '2015-11-08 02:57:13', 1, 1),
(281, 3, 8, 291, 1, '2015-11-08 15:21:58', 1, 0),
(282, 3, 10, 291, 1, '2015-11-08 15:21:58', 1, 0),
(283, 1, 1, 289, 1, '2015-11-08 17:15:40', 1, 1),
(284, 3, 9, 289, 1, '2015-11-08 17:15:40', 1, 1),
(285, 1, 11, 426, 6, '2015-11-08 20:30:22', 1, 1),
(286, 4, 14, 426, 6, '2015-11-08 20:30:22', 1, 1),
(287, 3, 8, 315, 2, '2015-11-08 20:41:41', 1, 1),
(288, 3, 10, 315, 2, '2015-11-08 20:41:41', 1, 1),
(289, 3, 8, 377, 4, '2015-11-08 22:32:21', 1, 1),
(290, 2, 7, 377, 4, '2015-11-08 22:32:21', 1, 1),
(291, 1, 11, 413, 5, '2015-11-09 01:03:41', 1, 1),
(292, 4, 14, 413, 5, '2015-11-09 01:03:41', 1, 1),
(293, 1, 1, 304, 1, '2015-11-09 12:44:20', 1, 1),
(294, 1, 2, 304, 1, '2015-11-09 12:44:20', 1, 1),
(295, 3, 18, 446, 6, '2015-11-09 14:18:56', 1, 1),
(296, 4, 13, 446, 6, '2015-11-09 14:18:56', 1, 1),
(297, 1, 1, 307, 1, '2015-11-09 16:05:34', 1, 1),
(298, 1, 2, 307, 1, '2015-11-09 16:05:34', 1, 1),
(299, 3, 8, 322, 2, '2015-11-09 17:24:07', 1, 1),
(300, 3, 10, 322, 2, '2015-11-09 17:24:07', 1, 1),
(301, 3, 8, 338, 2, '2015-11-09 21:00:20', 1, 0),
(302, 3, 10, 338, 2, '2015-11-09 21:00:20', 1, 0),
(303, 3, 18, 491, 8, '2015-11-09 22:05:13', 1, 1),
(304, 3, 19, 491, 8, '2015-11-09 22:05:13', 1, 1),
(305, 3, 8, 360, 3, '2015-11-10 00:45:28', 1, 1),
(306, 3, 9, 360, 3, '2015-11-10 00:45:28', 1, 1),
(307, 1, 11, 490, 8, '2015-11-10 00:57:11', 1, 1),
(308, 4, 14, 490, 8, '2015-11-10 00:57:11', 1, 1),
(309, 3, 18, 431, 6, '2015-11-10 10:40:03', 1, 0),
(310, 4, 14, 431, 6, '2015-11-10 10:40:03', 1, 0),
(311, 1, 1, 335, 2, '2015-11-10 14:52:45', 1, 1),
(312, 3, 9, 335, 2, '2015-11-10 14:52:45', 1, 1),
(313, 2, 6, 328, 2, '2015-11-10 14:56:27', 1, 1),
(314, 3, 9, 328, 2, '2015-11-10 14:56:27', 1, 1),
(315, 3, 8, 350, 3, '2015-11-10 15:03:05', 1, 0),
(316, 3, 9, 350, 3, '2015-11-10 15:03:05', 1, 0),
(317, 3, 8, 350, 3, '2015-11-10 15:21:51', 1, 1),
(318, 3, 9, 350, 3, '2015-11-10 15:21:51', 1, 1),
(319, 1, 11, 474, 7, '2015-11-10 16:24:09', 1, 1),
(320, 4, 14, 474, 7, '2015-11-10 16:24:09', 1, 1),
(321, 3, 18, 451, 6, '2015-11-10 16:45:36', 1, 0),
(322, 1, 12, 451, 6, '2015-11-10 16:45:36', 1, 0),
(323, 3, 18, 422, 5, '2015-11-10 20:06:46', 1, 0),
(324, 1, 12, 422, 5, '2015-11-10 20:06:46', 1, 0),
(325, 3, 18, 484, 8, '2015-11-10 20:40:23', 1, 0),
(326, 1, 12, 484, 8, '2015-11-10 20:40:23', 1, 0),
(327, 1, 11, 461, 7, '2015-11-10 20:50:43', 1, 1),
(328, 4, 15, 461, 7, '2015-11-10 20:50:43', 1, 1),
(329, 3, 18, 459, 7, '2015-11-10 20:53:31', 1, 0),
(330, 1, 12, 459, 7, '2015-11-10 20:53:31', 1, 0),
(331, 3, 18, 501, 8, '2015-11-10 20:55:07', 1, 0),
(332, 1, 12, 501, 8, '2015-11-10 20:55:07', 1, 0),
(333, 1, 11, 402, 5, '2015-11-10 20:56:03', 1, 1),
(334, 1, 12, 402, 5, '2015-11-10 20:56:03', 1, 1),
(335, 3, 18, 424, 5, '2015-11-10 20:57:32', 1, 1),
(336, 4, 13, 424, 5, '2015-11-10 20:57:32', 1, 1),
(337, 1, 11, 450, 6, '2015-11-10 21:01:07', 1, 1),
(338, 1, 12, 450, 6, '2015-11-10 21:01:07', 1, 1),
(341, 1, 11, 397, 5, '2015-11-10 21:07:45', 1, 1),
(342, 1, 12, 397, 5, '2015-11-10 21:07:45', 1, 1),
(343, 3, 18, 503, 8, '2015-11-10 21:12:22', 1, 1),
(344, 4, 14, 503, 8, '2015-11-10 21:12:22', 1, 1),
(345, 1, 11, 459, 7, '2015-11-10 21:53:17', 1, 1),
(346, 1, 12, 459, 7, '2015-11-10 21:53:17', 1, 1),
(347, 1, 1, 379, 4, '2015-11-10 22:26:31', 1, 0),
(348, 4, 3, 379, 4, '2015-11-10 22:26:31', 1, 0),
(349, 2, 6, 310, 1, '2015-11-10 23:46:08', 1, 1),
(350, 3, 9, 310, 1, '2015-11-10 23:46:08', 1, 1),
(351, 1, 11, 484, 8, '2015-11-10 23:55:41', 1, 1),
(352, 1, 12, 484, 8, '2015-11-10 23:55:41', 1, 1),
(353, 1, 11, 501, 8, '2015-11-10 23:55:55', 1, 1),
(354, 1, 12, 501, 8, '2015-11-10 23:55:55', 1, 1),
(355, 3, 8, 313, 2, '2015-11-11 00:35:46', 1, 1),
(356, 3, 10, 313, 2, '2015-11-11 00:35:46', 1, 1),
(357, 1, 1, 362, 3, '2015-11-11 00:51:41', 1, 1),
(358, 3, 9, 362, 3, '2015-11-11 00:51:41', 1, 1),
(359, 1, 11, 472, 7, '2015-11-11 01:07:43', 1, 1),
(360, 4, 14, 472, 7, '2015-11-11 01:07:43', 1, 1),
(361, 3, 18, 411, 5, '2015-11-11 01:32:02', 1, 1),
(362, 4, 15, 411, 5, '2015-11-11 01:32:02', 1, 1),
(363, 1, 11, 487, 8, '2015-11-11 02:22:05', 1, 1),
(364, 1, 12, 487, 8, '2015-11-11 02:22:05', 1, 1),
(365, 3, 8, 320, 2, '2015-11-11 12:43:42', 1, 1),
(366, 4, 5, 320, 2, '2015-11-11 12:43:42', 1, 1),
(367, 1, 1, 309, 1, '2015-11-11 14:02:24', 1, 1),
(368, 3, 9, 309, 1, '2015-11-11 14:02:24', 1, 1),
(369, 3, 18, 437, 6, '2015-11-11 14:38:33', 1, 0),
(370, 4, 14, 437, 6, '2015-11-11 14:38:33', 1, 0),
(371, 3, 18, 433, 6, '2015-11-11 14:39:10', 1, 1),
(372, 1, 12, 433, 6, '2015-11-11 14:39:10', 1, 1),
(373, 2, 16, 416, 5, '2015-11-11 16:34:30', 1, 0),
(374, 4, 14, 416, 5, '2015-11-11 16:34:30', 1, 0),
(375, 1, 11, 495, 8, '2015-11-11 17:51:55', 1, 1),
(376, 4, 15, 495, 8, '2015-11-11 17:51:55', 1, 1),
(377, 1, 11, 482, 7, '2015-11-11 19:44:30', 1, 1),
(378, 4, 14, 482, 7, '2015-11-11 19:44:30', 1, 1),
(379, 3, 18, 438, 6, '2015-11-11 20:05:19', 1, 1),
(380, 4, 13, 438, 6, '2015-11-11 20:05:19', 1, 1),
(381, 1, 11, 445, 6, '2015-11-11 20:45:24', 1, 1),
(382, 1, 12, 445, 6, '2015-11-11 20:45:24', 1, 1),
(383, 3, 18, 447, 6, '2015-11-11 21:16:02', 1, 1),
(384, 3, 19, 447, 6, '2015-11-11 21:16:02', 1, 1),
(385, 1, 1, 285, 1, '2015-11-11 21:24:09', 1, 1),
(386, 1, 2, 285, 1, '2015-11-11 21:24:09', 1, 1),
(387, 1, 1, 318, 2, '2015-11-11 21:55:40', 1, 0),
(388, 3, 9, 318, 2, '2015-11-11 21:55:40', 1, 0),
(389, 1, 11, 400, 5, '2015-11-11 21:55:43', 1, 0),
(390, 1, 12, 400, 5, '2015-11-11 21:55:43', 1, 0),
(391, 1, 1, 372, 4, '2015-11-11 22:37:22', 1, 0),
(392, 3, 9, 372, 4, '2015-11-11 22:37:22', 1, 0),
(393, 3, 18, 488, 8, '2015-11-12 00:14:05', 1, 1),
(394, 3, 19, 488, 8, '2015-11-12 00:14:05', 1, 1),
(395, 3, 8, 349, 3, '2015-11-12 11:21:37', 1, 0),
(396, 4, 5, 349, 3, '2015-11-12 11:21:37', 1, 0),
(397, 2, 16, 444, 6, '2015-11-12 11:27:05', 1, 1),
(398, 2, 17, 444, 6, '2015-11-12 11:27:05', 1, 1),
(399, 3, 8, 306, 1, '2015-11-12 14:14:37', 1, 1),
(400, 3, 9, 306, 1, '2015-11-12 14:14:37', 1, 1),
(401, 1, 1, 376, 2, '2015-11-12 20:26:07', 1, 1),
(402, 1, 2, 376, 2, '2015-11-12 20:26:07', 1, 1),
(403, 1, 11, 457, 7, '2015-11-12 20:29:20', 1, 1),
(404, 1, 12, 457, 7, '2015-11-12 20:29:20', 1, 1),
(405, 1, 1, 284, 1, '2015-11-12 21:02:06', 1, 0),
(406, 4, 5, 284, 1, '2015-11-12 21:02:06', 1, 0),
(407, 3, 18, 430, 6, '2015-11-12 22:21:57', 1, 1),
(408, 4, 14, 430, 6, '2015-11-12 22:21:58', 1, 1),
(409, 1, 1, 311, 1, '2015-11-12 23:39:40', 1, 1),
(410, 1, 2, 311, 1, '2015-11-12 23:39:40', 1, 1),
(411, 3, 8, 317, 2, '2015-11-13 00:50:33', 1, 0),
(412, 4, 5, 317, 2, '2015-11-13 00:50:33', 1, 0),
(413, 3, 8, 323, 2, '2015-11-13 01:00:33', 1, 0),
(414, 2, 7, 323, 2, '2015-11-13 01:00:33', 1, 0),
(415, 3, 18, 492, 8, '2015-11-13 01:00:53', 1, 0),
(416, 1, 12, 492, 8, '2015-11-13 01:00:53', 1, 0),
(417, 3, 8, 388, 4, '2015-11-13 01:49:52', 1, 1),
(418, 3, 9, 388, 4, '2015-11-13 01:49:52', 1, 1),
(419, 1, 11, 514, 7, '2015-11-13 02:09:08', 1, 1),
(420, 1, 12, 514, 7, '2015-11-13 02:09:08', 1, 1),
(421, 3, 18, 467, 7, '2015-11-13 02:35:34', 1, 1),
(422, 1, 12, 467, 7, '2015-11-13 02:35:34', 1, 1),
(423, 1, 1, 337, 2, '2015-11-13 02:37:23', 1, 1),
(424, 1, 2, 337, 2, '2015-11-13 02:37:23', 1, 1),
(425, 3, 8, 392, 4, '2015-11-13 03:10:11', 1, 0),
(426, 2, 7, 392, 4, '2015-11-13 03:10:11', 1, 0),
(427, 3, 8, 340, 2, '2015-11-13 10:13:43', 1, 0),
(428, 4, 5, 340, 2, '2015-11-13 10:13:43', 1, 0),
(429, 3, 8, 323, 2, '2015-11-13 10:18:51', 1, 0),
(430, 1, 2, 323, 2, '2015-11-13 10:18:51', 1, 0),
(431, 3, 18, 489, 8, '2015-11-13 10:37:02', 1, 1),
(432, 4, 14, 489, 8, '2015-11-13 10:37:02', 1, 1),
(433, 1, 1, 330, 2, '2015-11-13 14:33:16', 1, 1),
(434, 1, 2, 330, 2, '2015-11-13 14:33:16', 1, 1),
(435, 3, 8, 287, 1, '2015-11-13 14:46:10', 1, 1),
(436, 3, 9, 287, 1, '2015-11-13 14:46:10', 1, 1),
(437, 1, 11, 432, 6, '2015-11-13 16:43:02', 1, 1),
(438, 1, 12, 432, 6, '2015-11-13 16:43:02', 1, 1),
(439, 3, 18, 497, 8, '2015-11-13 16:45:25', 1, 0),
(440, 1, 12, 497, 8, '2015-11-13 16:45:25', 1, 0),
(441, 1, 11, 439, 6, '2015-11-13 16:54:46', 1, 0),
(442, 4, 14, 439, 6, '2015-11-13 16:54:46', 1, 0),
(443, 2, 6, 348, 3, '2015-11-13 16:59:12', 1, 1),
(444, 2, 7, 348, 3, '2015-11-13 16:59:12', 1, 1),
(445, 2, 6, 389, 4, '2015-11-13 17:45:19', 1, 1),
(446, 3, 9, 389, 4, '2015-11-13 17:45:19', 1, 1),
(447, 1, 1, 378, 4, '2015-11-13 17:47:31', 1, 1),
(448, 4, 5, 378, 4, '2015-11-13 17:47:31', 1, 1),
(449, 3, 18, 422, 5, '2015-11-13 18:40:50', 1, 1),
(450, 3, 19, 422, 5, '2015-11-13 18:40:50', 1, 1),
(451, 3, 18, 409, 5, '2015-11-13 18:44:15', 1, 0),
(452, 1, 12, 409, 5, '2015-11-13 18:44:15', 1, 0),
(453, 1, 11, 499, 8, '2015-11-13 18:45:24', 1, 1),
(454, 4, 15, 499, 8, '2015-11-13 18:45:24', 1, 1),
(455, 3, 18, 409, 5, '2015-11-13 18:52:50', 1, 0),
(456, 1, 12, 409, 5, '2015-11-13 18:52:50', 1, 0),
(457, 2, 6, 371, 4, '2015-11-13 19:13:13', 1, 0),
(458, 3, 9, 371, 4, '2015-11-13 19:13:13', 1, 0),
(459, 1, 1, 368, 4, '2015-11-13 19:47:30', 1, 1),
(460, 3, 9, 368, 4, '2015-11-13 19:47:30', 1, 1),
(461, 3, 8, 386, 4, '2015-11-13 20:06:58', 1, 1),
(462, 4, 4, 386, 4, '2015-11-13 20:06:58', 1, 1),
(463, 3, 8, 353, 3, '2015-11-13 20:35:45', 1, 0),
(464, 3, 10, 353, 3, '2015-11-13 20:35:45', 1, 0),
(465, 1, 1, 372, 4, '2015-11-13 21:19:49', 1, 0),
(466, 4, 4, 372, 4, '2015-11-13 21:19:49', 1, 0),
(467, 1, 1, 372, 4, '2015-11-13 21:19:50', 1, 1),
(468, 4, 4, 372, 4, '2015-11-13 21:19:50', 1, 1),
(469, 1, 11, 486, 8, '2015-11-13 22:24:05', 1, 1),
(470, 4, 14, 486, 8, '2015-11-13 22:24:05', 1, 1),
(471, 1, 11, 451, 6, '2015-11-13 22:31:31', 1, 1),
(472, 1, 12, 451, 6, '2015-11-13 22:31:32', 1, 1),
(473, 3, 18, 404, 5, '2015-11-14 12:46:41', 1, 1),
(474, 1, 12, 404, 5, '2015-11-14 12:46:41', 1, 1),
(475, 3, 18, 496, 8, '2015-11-14 13:36:54', 1, 0),
(476, 3, 19, 496, 8, '2015-11-14 13:36:54', 1, 0),
(477, 3, 18, 401, 5, '2015-11-14 15:44:54', 1, 0),
(478, 1, 12, 401, 5, '2015-11-14 15:44:54', 1, 0),
(479, 3, 8, 374, 4, '2015-11-14 19:23:52', 1, 0),
(480, 4, 3, 374, 4, '2015-11-14 19:23:52', 1, 0),
(481, 1, 11, 429, 6, '2015-11-16 00:30:56', 1, 0),
(482, 4, 13, 429, 6, '2015-11-16 00:30:56', 1, 0),
(483, 1, 11, 429, 6, '2015-11-16 00:30:58', 1, 1),
(484, 4, 13, 429, 6, '2015-11-16 00:30:58', 1, 1),
(487, 3, 8, 366, 3, '2015-11-16 14:30:51', 1, 1),
(488, 3, 9, 366, 3, '2015-11-16 14:30:51', 1, 1),
(489, 3, 18, 509, 8, '2015-11-16 20:05:18', 1, 0),
(490, 3, 19, 509, 8, '2015-11-16 20:05:18', 1, 0),
(491, 1, 11, 428, 6, '2015-11-16 22:57:41', 1, 1),
(492, 1, 12, 428, 6, '2015-11-16 22:57:41', 1, 1),
(493, 1, 1, 393, 4, '2015-11-17 12:10:00', 1, 0),
(494, 3, 9, 393, 4, '2015-11-17 12:10:00', 1, 0),
(495, 1, 11, 494, 8, '2015-11-17 15:45:23', 1, 1),
(496, 4, 13, 494, 8, '2015-11-17 15:45:23', 1, 1),
(497, 2, 16, 435, 6, '2015-11-17 16:28:38', 1, 1),
(498, 4, 13, 435, 6, '2015-11-17 16:28:38', 1, 1),
(499, 1, 1, 327, 2, '2015-11-19 17:12:57', 1, 1),
(500, 3, 9, 327, 2, '2015-11-19 17:12:57', 1, 1),
(501, 1, 11, 485, 8, '2015-11-19 17:55:14', 1, 0),
(502, 4, 14, 485, 8, '2015-11-19 17:55:14', 1, 0),
(503, 1, 11, 498, 8, '2015-11-19 17:57:42', 1, 1),
(504, 1, 12, 498, 8, '2015-11-19 17:57:42', 1, 1),
(505, 2, 16, 510, 8, '2015-11-23 16:23:46', 1, 1),
(506, 3, 19, 510, 8, '2015-11-23 16:23:46', 1, 1),
(507, 3, 18, 434, 6, '2015-11-25 10:51:11', 1, 1),
(508, 4, 13, 434, 6, '2015-11-25 10:51:11', 1, 1),
(509, 2, 16, 442, 6, '2015-11-25 11:31:40', 1, 1),
(510, 2, 17, 442, 6, '2015-11-25 11:31:40', 1, 1),
(511, 3, 18, 443, 6, '2015-11-25 11:49:13', 1, 1),
(512, 3, 19, 443, 6, '2015-11-25 11:49:13', 1, 1),
(513, 1, 11, 418, 5, '2015-11-25 21:34:41', 1, 0),
(514, 1, 12, 418, 5, '2015-11-25 21:34:41', 1, 0),
(515, 1, 1, 395, 4, '2015-11-26 20:17:30', 1, 1),
(516, 4, 3, 395, 4, '2015-11-26 20:17:30', 1, 1),
(517, 1, 1, 299, 1, '2015-11-30 21:09:24', 1, 1),
(518, 4, 3, 299, 1, '2015-11-30 21:09:25', 1, 1),
(519, 2, 6, 343, 3, '2015-11-30 21:30:23', 1, 1),
(520, 3, 10, 343, 3, '2015-11-30 21:30:23', 1, 1),
(521, 1, 11, 471, 7, '2015-12-10 11:58:50', 1, 0),
(522, 4, 13, 471, 7, '2015-12-10 11:58:50', 1, 0),
(523, 1, 1, 515, 1, '2015-12-16 15:43:20', 1, 0),
(524, 4, 4, 515, 1, '2015-12-16 15:43:20', 1, 0),
(525, 1, 1, 515, 1, '2015-12-16 15:44:32', 1, 1),
(526, 4, 4, 515, 1, '2015-12-16 15:44:32', 1, 1),
(527, 1, 1, 517, 3, '2015-12-16 17:37:03', 1, 0),
(528, 4, 4, 517, 3, '2015-12-16 17:37:03', 1, 0),
(529, 1, 11, 504, 8, '2015-12-16 22:36:26', 1, 0),
(530, 4, 14, 504, 8, '2015-12-16 22:36:27', 1, 0),
(531, 2, 6, 517, 3, '2015-12-17 15:30:04', 1, 1),
(532, 4, 4, 517, 3, '2015-12-17 15:30:04', 1, 1),
(533, 1, 11, 512, 8, '2015-12-17 16:45:47', 1, 0),
(534, 4, 14, 512, 8, '2015-12-17 16:45:47', 1, 0),
(535, 1, 1, 502, 4, '2015-12-18 19:00:23', 1, 1),
(536, 1, 2, 502, 4, '2015-12-18 19:00:23', 1, 1),
(537, 2, 6, 369, 4, '2016-01-09 02:52:04', 1, 0),
(538, 3, 9, 369, 4, '2016-01-09 02:52:04', 1, 0),
(539, 1, 1, 379, 4, '2016-03-02 12:09:06', 1, 1),
(540, 1, 2, 379, 4, '2016-03-02 12:09:06', 1, 1),
(541, 3, 8, 396, 4, '2016-03-02 12:10:26', 1, 1),
(542, 2, 7, 396, 4, '2016-03-02 12:10:26', 1, 1),
(543, 3, 8, 380, 4, '2016-03-02 12:49:55', 1, 1),
(544, 4, 4, 380, 4, '2016-03-02 12:49:55', 1, 1),
(545, 1, 11, 504, 8, '2016-03-02 12:50:55', 1, 1),
(546, 4, 14, 504, 8, '2016-03-02 12:50:55', 1, 1),
(547, 3, 8, 293, 1, '2016-03-02 14:59:28', 1, 1),
(548, 4, 5, 293, 1, '2016-03-02 14:59:28', 1, 1),
(549, 3, 8, 391, 4, '2016-03-02 15:00:10', 1, 1),
(550, 2, 7, 391, 4, '2016-03-02 15:00:10', 1, 1),
(551, 3, 18, 410, 5, '2016-03-02 15:01:35', 1, 1),
(552, 3, 19, 410, 5, '2016-03-02 15:01:35', 1, 1),
(553, 1, 11, 471, 7, '2016-03-02 15:34:31', 1, 1),
(554, 4, 13, 471, 7, '2016-03-02 15:34:31', 1, 1),
(555, 1, 11, 420, 5, '2016-03-02 15:35:48', 1, 1),
(556, 4, 14, 420, 5, '2016-03-02 15:35:48', 1, 1),
(557, 3, 18, 509, 8, '2016-03-02 19:24:27', 1, 1),
(558, 1, 12, 509, 8, '2016-03-02 19:24:27', 1, 1),
(559, 3, 18, 398, 5, '2016-03-02 19:25:15', 1, 0),
(560, 1, 12, 398, 5, '2016-03-02 19:25:15', 1, 0),
(561, 3, 18, 414, 5, '2016-03-02 19:25:36', 1, 1),
(562, 3, 19, 414, 5, '2016-03-02 19:25:36', 1, 1),
(563, 3, 18, 462, 7, '2016-03-03 14:10:26', 1, 1),
(564, 1, 12, 462, 7, '2016-03-03 14:10:26', 1, 1),
(565, 1, 11, 409, 5, '2016-03-03 14:58:41', 1, 1),
(566, 1, 12, 409, 5, '2016-03-03 14:58:41', 1, 1),
(567, 1, 11, 456, 7, '2016-03-03 15:34:22', 1, 1),
(568, 4, 15, 456, 7, '2016-03-03 15:34:22', 1, 1),
(569, 1, 11, 470, 7, '2016-03-03 15:37:27', 1, 1),
(570, 1, 12, 470, 7, '2016-03-03 15:37:27', 1, 1),
(571, 1, 11, 497, 8, '2016-03-04 14:13:25', 1, 1),
(572, 1, 12, 497, 8, '2016-03-04 14:13:25', 1, 1),
(573, 2, 16, 507, 8, '2016-03-04 14:43:09', 1, 0),
(574, 4, 14, 507, 8, '2016-03-04 14:43:09', 1, 0),
(575, 2, 16, 507, 8, '2016-03-04 14:43:23', 1, 1),
(576, 4, 14, 507, 8, '2016-03-04 14:43:23', 1, 1),
(577, 3, 18, 399, 5, '2016-03-04 15:36:15', 1, 0),
(578, 1, 12, 399, 5, '2016-03-04 15:36:15', 1, 0),
(579, 1, 11, 512, 8, '2016-03-04 17:30:39', 1, 1),
(580, 1, 12, 512, 8, '2016-03-04 17:30:39', 1, 1),
(581, 1, 11, 465, 7, '2016-03-07 17:49:41', 1, 1),
(582, 1, 12, 465, 7, '2016-03-07 17:49:41', 1, 1),
(583, 2, 16, 398, 5, '2016-03-08 11:01:38', 1, 1),
(584, 1, 12, 398, 5, '2016-03-08 11:01:38', 1, 1),
(585, 2, 16, 401, 5, '2016-03-08 12:32:57', 1, 1),
(586, 1, 12, 401, 5, '2016-03-08 12:32:57', 1, 1),
(587, 1, 1, 338, 2, '2016-03-09 14:44:08', 1, 1),
(588, 3, 9, 338, 2, '2016-03-09 14:44:08', 1, 1),
(589, 1, 1, 393, 4, '2016-03-09 19:21:56', 1, 1),
(590, 4, 4, 393, 4, '2016-03-09 19:21:56', 1, 1),
(591, 2, 6, 392, 4, '2016-03-09 19:22:48', 1, 1),
(592, 2, 7, 392, 4, '2016-03-09 19:22:48', 1, 1),
(593, 3, 18, 496, 8, '2016-03-09 19:23:51', 1, 1),
(594, 4, 13, 496, 8, '2016-03-09 19:23:51', 1, 1),
(595, 1, 1, 394, 4, '2016-03-10 17:36:45', 1, 0),
(596, 4, 4, 394, 4, '2016-03-10 17:36:45', 1, 0),
(597, 1, 1, 364, 3, '2016-03-15 17:55:11', 1, 1),
(598, 4, 3, 364, 3, '2016-03-15 17:55:11', 1, 1),
(599, 1, 1, 394, 4, '2016-03-17 19:44:23', 1, 1),
(600, 4, 4, 394, 4, '2016-03-17 19:44:23', 1, 1),
(601, 1, 1, 318, 2, '2016-03-17 19:45:12', 1, 1),
(602, 4, 5, 318, 2, '2016-03-17 19:45:12', 1, 1),
(603, 2, 6, 291, 1, '2016-03-17 19:46:56', 1, 0),
(604, 3, 9, 291, 1, '2016-03-17 19:46:56', 1, 0),
(605, 3, 8, 288, 1, '2016-03-17 19:50:05', 1, 1),
(606, 3, 9, 288, 1, '2016-03-17 19:50:05', 1, 1),
(607, 1, 1, 333, 2, '2016-03-17 19:54:08', 1, 1),
(608, 4, 5, 333, 2, '2016-03-17 19:54:08', 1, 1),
(609, 1, 1, 323, 2, '2016-03-17 19:54:37', 1, 0),
(610, 2, 7, 323, 2, '2016-03-17 19:54:37', 1, 0),
(611, 1, 1, 340, 2, '2016-03-17 19:57:41', 1, 1),
(612, 3, 9, 340, 2, '2016-03-17 19:57:41', 1, 1),
(613, 2, 16, 399, 5, '2016-03-23 12:59:00', 1, 1),
(614, 1, 12, 399, 5, '2016-03-23 12:59:00', 1, 1),
(615, 3, 18, 437, 6, '2016-03-23 13:01:54', 1, 1),
(616, 1, 12, 437, 6, '2016-03-23 13:01:54', 1, 1),
(617, 3, 18, 431, 6, '2016-03-23 13:02:35', 1, 1),
(618, 1, 12, 431, 6, '2016-03-23 13:02:35', 1, 1),
(619, 3, 18, 473, 7, '2016-03-23 13:03:50', 1, 1),
(620, 1, 12, 473, 7, '2016-03-23 13:03:50', 1, 1),
(621, 1, 11, 485, 8, '2016-03-23 13:09:33', 1, 1),
(622, 1, 12, 485, 8, '2016-03-23 13:09:33', 1, 1),
(623, 2, 6, 317, 2, '2016-03-23 13:11:27', 1, 1),
(624, 2, 7, 317, 2, '2016-03-23 13:11:27', 1, 1),
(625, 2, 6, 371, 4, '2016-03-23 13:12:08', 1, 1),
(626, 4, 4, 371, 4, '2016-03-23 13:12:08', 1, 1),
(627, 3, 8, 374, 4, '2016-03-23 13:13:12', 1, 1),
(628, 4, 4, 374, 4, '2016-03-23 13:13:12', 1, 1),
(629, 1, 11, 403, 5, '2016-03-23 13:14:18', 1, 1),
(630, 4, 14, 403, 5, '2016-03-23 13:14:18', 1, 1),
(631, 1, 11, 400, 5, '2016-03-23 13:15:11', 1, 0),
(632, 4, 14, 400, 5, '2016-03-23 13:15:11', 1, 0),
(633, 1, 11, 400, 5, '2016-03-23 13:15:34', 1, 1),
(634, 4, 14, 400, 5, '2016-03-23 13:15:34', 1, 1),
(635, 2, 16, 416, 5, '2016-03-30 19:38:56', 1, 1),
(636, 1, 12, 416, 5, '2016-03-30 19:38:56', 1, 1),
(637, 1, 1, 344, 3, '2016-03-30 19:40:59', 1, 1),
(638, 4, 4, 344, 3, '2016-03-30 19:40:59', 1, 1),
(639, 1, 1, 284, 1, '2016-03-30 19:43:12', 1, 1),
(640, 4, 4, 284, 1, '2016-03-30 19:43:12', 1, 1),
(641, 2, 16, 492, 8, '2016-03-30 19:47:12', 1, 1),
(642, 1, 12, 492, 8, '2016-03-30 19:47:12', 1, 1),
(643, 1, 11, 439, 6, '2016-03-30 19:50:11', 1, 1),
(644, 1, 12, 439, 6, '2016-03-30 19:50:11', 1, 1),
(645, 1, 1, 390, 4, '2016-03-31 19:28:56', 1, 1),
(646, 4, 4, 390, 4, '2016-03-31 19:28:56', 1, 1),
(647, 1, 1, 349, 3, '2016-03-31 19:29:56', 1, 1),
(648, 4, 5, 349, 3, '2016-03-31 19:29:56', 1, 1),
(649, 1, 1, 369, 4, '2016-03-31 19:30:34', 1, 0),
(650, 2, 7, 369, 4, '2016-03-31 19:30:34', 1, 0),
(651, 1, 1, 369, 4, '2016-03-31 19:37:16', 1, 1),
(652, 2, 7, 369, 4, '2016-03-31 19:37:17', 1, 1),
(653, 3, 8, 347, 3, '2016-04-01 13:42:58', 1, 1),
(654, 2, 7, 347, 3, '2016-04-01 13:42:58', 1, 1),
(655, 3, 8, 353, 3, '2016-04-05 17:46:55', 1, 1),
(656, 4, 4, 353, 3, '2016-04-05 17:46:55', 1, 1),
(657, 3, 8, 365, 3, '2016-04-05 17:48:17', 1, 1),
(658, 4, 4, 365, 3, '2016-04-05 17:48:17', 1, 1),
(659, 3, 8, 291, 1, '2016-04-05 19:22:47', 1, 1),
(660, 3, 9, 291, 1, '2016-04-05 19:22:47', 1, 1),
(661, 3, 18, 418, 5, '2016-04-06 19:31:23', 1, 1),
(662, 1, 12, 418, 5, '2016-04-06 19:31:23', 1, 1),
(663, 3, 8, 323, 2, '2016-04-14 17:58:11', 1, 1),
(664, 2, 7, 323, 2, '2016-04-14 17:58:11', 1, 1),
(665, 3, 8, 290, 1, '2016-05-25 18:51:50', 1, 1),
(666, 3, 10, 290, 1, '2016-05-25 18:51:50', 1, 1),
(668, 5, 20, 2, 1, '2016-07-29 19:55:10', 1, 0),
(670, 5, 21, 2, 1, '2016-07-29 20:14:32', 1, 0),
(672, 5, 20, 2, 1, '2016-07-29 20:19:37', 1, 1);

-- --------------------------------------------------------

--
-- Estructura de tabla para la tabla `usuarios`
--

CREATE TABLE IF NOT EXISTS `usuarios` (
`id_usr` int(11) NOT NULL,
  `nom_usr` varchar(40) COLLATE utf8_spanish_ci NOT NULL,
  `apelpat_usr` varchar(50) COLLATE utf8_spanish_ci NOT NULL,
  `apelmat_usr` varchar(60) COLLATE utf8_spanish_ci NOT NULL,
  `id_nivel` int(11) NOT NULL,
  `id_cur` int(11) NOT NULL,
  `user_usr` varchar(25) COLLATE utf8_spanish_ci NOT NULL,
  `clave_usr` varchar(50) CHARACTER SET latin1 COLLATE latin1_bin NOT NULL,
  `email_usr` varchar(80) COLLATE utf8_spanish_ci NOT NULL,
  `email_p_usr` varchar(80) COLLATE utf8_spanish_ci NOT NULL,
  `email_m_usr` varchar(80) COLLATE utf8_spanish_ci NOT NULL,
  `id_col` int(1) NOT NULL,
  `tipo_usr` int(1) NOT NULL,
  `est_usr` int(1) NOT NULL
) ENGINE=InnoDB AUTO_INCREMENT=518 DEFAULT CHARSET=utf8 COLLATE=utf8_spanish_ci;

--
-- Volcado de datos para la tabla `usuarios`
--

INSERT INTO `usuarios` (`id_usr`, `nom_usr`, `apelpat_usr`, `apelmat_usr`, `id_nivel`, `id_cur`, `user_usr`, `clave_usr`, `email_usr`, `email_p_usr`, `email_m_usr`, `id_col`, `tipo_usr`, `est_usr`) VALUES
(2, 'Esteban', 'Hidalgo', 'Jara', 8, 1, 'esthid', 'eb938e567bd88e5f478825d4415f4839', 'eee@ff.cl', 'eee@ff.cl', 'eee@ff.cl', 1, 2, 1),
(7, 'Gabriel', 'Hidalgo', 'González', 11, 6, 'gabhid', '263355bfcd40beb012aebed3498be176', 'r_hidalgo_c@hotmail.com', 'estebanhidal11@gmail.com', 'roberto.hidalgo@colegioeverest.cl', 1, 2, 1),
(13, 'Mario', 'Carrasco', 'Avila', 0, 0, 'marcar', '66c47b17afb6adbfc10609494b1e4a98', 'mario.carrasco@colegioeverest.cl', 'mario.carrasco@colegioeverest.cl', 'mario.carrasco@colegioeverest.cl', 1, 1, 1),
(14, 'Marcela', 'Gutierrez', 'Marchant', 0, 0, 'margut', 'd8afe3ef145b4448408abd02ea3370a4', 'marcela.gutierrez@colegioeverest.cl', 'marcela.gutierrez@colegioeverest.cl', 'marcela.gutierrez@colegioeverest.cl', 1, 1, 1),
(15, 'Laura', 'Retamales', 'Neira', 0, 0, 'lauret', '5de66fe9f5c12efc1b2e601d484a7ba5', 'laura.retamales@colegioeverest.cl', 'laura.retamales@colegioeverest.cl', 'laura.retamales@colegioeverest.cl', 1, 1, 1),
(16, 'Marisol', 'López', 'Marín', 0, 0, 'marlop', '1acac8666317ffa17d0ebd9e0d83d29a', 'marisol.lopez@colegioeverest.cl', 'marisol.lopez@colegioeverest.cl', 'marisol.lopez@colegioeverest.cl', 1, 1, 1),
(17, 'Cristina', 'Valenzuela', 'Elgueta', 0, 0, 'crival', 'dbe9cbc8d05ce4d85d4e86c7bbb9dbb8', 'cristina.valenzuela@colegioeverest.cl', 'cristina.valenzuela@colegioeverest.cl', 'cristina.valenzuela@colegioeverest.cl', 1, 1, 1),
(18, 'Paula', 'Carrillo', 'Mella', 0, 0, 'paucar', 'bff542d4e0efa667eea1769cc93d405d', 'paula.carrillo@colegioeverest.cl', 'paula.carrillo@colegioeverest.cl', 'paula.carrillo@colegioeverest.cl', 1, 1, 1),
(19, 'Carla', 'Botto', 'González', 0, 0, 'carbot', '35cba5cb04e494989cba9ce0cfa2f8d0', 'carla.botto@colegioeverest.cl', 'carla.botto@colegioeverest.cl', 'carla.botto@colegioeverest.cl', 1, 1, 1),
(20, 'Roberto', 'Hidalgo', 'Cuadra', 0, 0, 'robhid', '99c4bd6de47a2a0b15ef00f478913e0f', 'roberto.hidalgo@colegioeverest.cl', 'roberto.hidalgo@colegioeverest.cl', 'roberto.hidalgo@colegioeverest.cl', 1, 1, 1),
(282, 'Vicente', 'Álvarez', 'Smythe', 10, 1, 'Vicente', '3fd024c1ab638dde494180a9c77bb7c3', 'vicentealvarez987@gmail.com', 'smythebarbara@gmail.com', 'smythebarbara@gmail.com', 1, 2, 1),
(283, 'Emilio', 'Bauer', 'Bardón', 10, 1, 'Emilio', '19eeff02fe0a36e5b3863a968da30348', 'baueremilio@gmail.com', 'pablo.bauer@csav.cl', 'pbardon@claro.cl', 1, 2, 1),
(284, 'José Tomás', 'Bertelsen', 'Toso', 10, 1, 'Jose Tomas', 'e3fe35d8ce9744f904086d4d7f840a6d', 'jbertelsen1999@gmail.com', 'stoso@bci.cl', 'Stoso@bci.cl', 1, 2, 1),
(285, 'Felipe José', 'Cañas', 'García', 10, 1, 'Felipe Jose', '0ae7f6e399ae431c15ad7c17a6a5e9fa', 'felipecanas99@hotmail.es', 'fcanasm@miuandes.cl', 'fotoagl@gmail.com', 1, 2, 1),
(286, 'Iñaki', 'Cavanagh', 'Almeida', 10, 1, 'Inaki', '146aa973307a9a55689a9356cb352f46', '', '', '', 1, 2, 1),
(287, 'Arturo', 'Correa', 'Ojeda', 10, 1, 'Arturo', '1113686c589506fd8b25e6c67be2ecaf', 'arturo-correa@hotmail.com', 'cata-ojeda@hotmail.com', 'cata-ojeda@hotmail.com', 1, 2, 1),
(288, 'Francisco', 'De la Maza', 'Acuña', 10, 1, 'Francisco', '346022f5b2b02433eec34cdea6b370ff', 'Fco_delamaza@hotmail.com', 'Fdelamaza@transleasing.cl', 'Mpazacuna@manquehue.net', 1, 2, 1),
(289, 'Vicente', 'Gasaly', 'García', 10, 1, 'Vicente', 'a45f3ef0cac18fe4392eafb26f4926a2', 'vicentegasaly.g@gmail.com', 'agarcia@cocha.com', 'agarcia@cocha.com', 1, 2, 1),
(290, 'Francisco', 'Hortal', 'Correa', 10, 1, 'Francisco Javier', '83adc7258d936b391cc14a2229449e00', 'fjhcorrea60@gmail.com', 'fhortal@gmail.com', 'micsagredo@gmail.com', 1, 2, 1),
(291, 'Alvaro Tomás', 'Jadue', 'Nazal', 10, 1, 'Alvaro Tomas', '0cbe4463d0f8cbafb619ca16068e8b2b', 'alvarojadue65@gmail.com', 'ajadue@pillin.cl', 'vnazal@bci.cl', 1, 2, 1),
(292, 'Francisco Julio', 'Julio', 'González', 10, 1, 'Francisco', '037687d098ae4498320642483b5df8e2', 'fcojulio99@gmail.com', 'cjulio@andecorp.cl', 'familiajuilo@mi.cl', 1, 2, 1),
(293, 'Clemente', 'León', 'Cummins', 10, 1, 'Clemente', '3ca72039779c68c761113ffcb73bee87', 'cleoncummins@gmail.com', 'c.leon@lan.com', 'chiquicummins@yahoo.es', 1, 2, 1),
(294, 'Pedro José', 'Muñoz', 'Ugarte', 10, 1, 'Pedro Jose', '237582364bdfd318e5dd96cf514ce834', 'pedromu99@gmail.com', 'pedro@hookchile.cl', 'cugarteh@entelchile.net', 1, 2, 1),
(295, 'Roberto Felipe', 'Pirozzi', 'Mayer', 10, 1, 'Roberto Felipe', 'e7822d95cac2f3eddabcb476bcf0eab0', 'titopirozzimayer@gmail.com', 'roberto.pirozzi@grupomok.com', 'cmayer@mi.cl', 1, 2, 1),
(296, 'Domingo', 'Prado', 'Nielsen', 10, 1, 'Domingo', 'c48b9af18abae59aa89c042191835acc', 'pradochuma@gmail.com', 'anielse@bci.cl', 'anielse@bci.cl', 1, 2, 1),
(297, 'Clemente', 'Ramello', 'Guerrero', 10, 1, 'Clemente', 'fe386e80073464de50196113915b3217', 'clementeramello@hotmail.com', 'aramello@paradiso.cl', 'luzma.guerrero@gmail.com', 1, 2, 1),
(298, 'Matías', 'Restovic', 'Vergara', 10, 1, 'Matias', '9507f5bc5cfd8a25bfff4d63c7036200', 'matias_restovic@hotmail.com', 'arestovim@gmail.com', 'pveraya@bci.cl', 1, 2, 1),
(299, 'Tomás', 'Rodríguez', 'Marengo', 10, 1, 'Tomas', 'fe0918dc83bb5ba0a19be84e7dceea55', 'tomasssrm@gmail.com', 'rrodriguezm@provida.cl', 'vamoresrm@gmail.com', 1, 2, 1),
(300, 'Thomas', 'Schmid', 'Soto', 10, 1, 'Thomas', '2344ec9f1b233ade5166f43549f2c242', 'thomi1999@yahoo.cl', 'mschmid@socomisch.cl', 'julieta@mi.cl', 1, 2, 1),
(301, 'Pablo Andrés', 'Sepulveda', 'Latife', 10, 1, 'Pablo Andres', 'f9b98d6d8bf74e574ab83f6fb436434a', 'pablosepulveda99@gmail.com', 'jcsepulveda@watts.cl', 'avlatife@gmail.com', 1, 2, 1),
(302, 'Sebastian', 'Tagle', 'Fernández', 10, 1, 'Sebastian', 'a5237b0bc0405ff98c9adf7be2a75c8a', 'staglefernandez@gmail.com', 'stagle@koandina.com', 'catafernandezbecker@gmail.com', 1, 2, 1),
(303, 'Tomás', 'Tagle', 'Fernández', 10, 1, 'Tomas', '9b703f74d41c6a0508167bf1ca94f5a2', 'Divi.taglef@gmail.com', 'Rafael.tagle@willis.com', 'Bernardita.fernandezcox@gmail.com', 1, 2, 1),
(304, 'Nicolas', 'Tagle', 'González', 10, 1, 'Nicolas', '6f3972a851a98b063f68b16d136d52b2', 'nicolastagle99@gmail.com', 'NTagle@vialserrano.cl', 'mangelesg@manquehue.net', 1, 2, 1),
(305, 'Matías', 'Tocornal', 'Leiva', 10, 1, 'Matias', 'c3be5eab9a8169b7d6db1fc6e44e4b07', 'mtocornal99@gmail.con', 'mcleivav@gmail.com', 'mcleivav@gmail.com', 1, 2, 1),
(306, 'Santiago', 'Ugarte', 'Corbo', 10, 1, 'Santiago', '70c8d5bf46cd9da96b5457dea79ee7e6', 'santiagougartecorbo@hotmail.com', 'jose.ugarte@mbi.cl', 'jose.ugarte@mbi.cl', 1, 2, 1),
(307, 'Joaquín', 'Undurraga', 'Vergara', 10, 1, 'Joaquin', 'e0340737b3a10f78881b2061a3a0838b', 'joacounduv@hotmail.com', 'sebastian.undurraga@pwaspa.com', 'mavergarar@manquehue.net', 1, 2, 1),
(308, 'Felipe', 'Uribe', 'Figari', 10, 1, 'Felipe', '54aa2712e83288cdd93a4bb4950de7b8', 'felipeuribe99@gmail.com', 'furibe@agrovino.cl', 'carolafigari@manquehue.net', 1, 2, 1),
(309, 'Matías', 'Van Nievelt', 'Oelckers', 10, 1, 'Matias', 'f03b8d675bb390d396823c6f6ca717d0', 'mativann@gmail.com', 'jnievelt@gmail.com', 'i.oelckers@gmail.com', 1, 2, 1),
(310, 'Nicolás', 'Varela', 'González', 10, 1, 'Nicolas', '985b7d193226997ece0bf5329fc75b46', 'nicolasvarela4@gmail.com', 'pvarelachile@yahoo.com', 'chopi.5@hotmail.com', 1, 2, 1),
(311, 'Pedro José', 'Vicuña', 'Salinas', 10, 1, 'Pedro Jose', '7411989fda95c2f1b0ec99cf9fe09249', 'vicuna2612@gmail.com', 'rvicuna@euroamerica.cl', 'margaritasalinas4@gmail.com', 1, 2, 1),
(312, 'Juan Pablo', 'Alarcón', 'Uriarte', 10, 2, 'Juan Pablo', '10c73bac0177f45f3208775e7a376b0a', 'Jpalarconu@gmail.com', 'Begouriarte@yahoo.com', 'Begouriarte@yahoo.com', 1, 2, 1),
(313, 'Tomás', 'Álvarez', 'Reyes', 10, 2, 'Tomas', '8669c1653f9b030cbbe6a415a5eeb168', 'Tomasalvarez13@gmail.com', 'Mitorar@gmail.com', 'Sofiareyes@manquehue.net', 1, 2, 1),
(314, 'Juan Pablo', 'Arancibia', 'Isla', 10, 2, 'Juan Pablo', 'a72854ebe000dd3f247bf33b5a8bb025', 'polloarancibia@12gmail.com', 'jarancibia@hipa.cl', 'arancibiaisla@gmail.com', 1, 2, 1),
(315, 'José Alfonso', 'Arriagada', 'Barceló', 10, 2, 'Jose Alfonso', 'a50e103ee6be7b57860a7e3d1271e683', 'alfonso.arriagada99@gmail.com', 'iarriagada@aminerals.com', 'mbarcelo@hotmail.com', 1, 2, 1),
(316, 'Santiago', 'Besa', 'Correa', 10, 2, 'Santiago', '5e3f830873834031952b10d0fbc8dd8e', 'sbesacorrea@gmail.com', 'ebesa@ingevec.cl', 'ceciliaco@gmail.com', 1, 2, 1),
(317, 'Bautista', 'Cavanagh', 'Almeida', 10, 2, 'Bautista', '0753e8c49e543604d9f9c203d9d2dec5', 'Bauticavanagh@gmail.com', 'Ricardocavanagh@gmail.com', 'Gloriacavanagh@gmail.com', 1, 2, 1),
(318, 'Matías', 'Cortés', 'Stiglich', 10, 2, 'Matias', 'a36e081e7a17dc1f7ded3dc3b6dff6f4', 'macortes0158@gmail.com', 'matiascortes0090@gmail.com', 'marcela.stiglich@yahoo.com', 1, 2, 1),
(319, 'Adolfo José', 'Dosal', 'Almendares', 10, 2, 'Adolfo Jose', 'de4694de9c6893cb7e6ab2c29b8f46c0', 'Dosal.adolfo@gmail.com', 'Adolfo.dosal@gmail.com', 'Kalmendares@mayflower.cl', 1, 2, 1),
(320, 'Crhistian', 'Eckholt', 'Caffese', 10, 2, 'Crhistian', '08530508ba673ea1ec78d3087bfb9c9a', 'Chhef@hotmail.com', 'Cghjv@gmail.com', 'Cghjv@gmail.com', 1, 2, 1),
(321, 'Clemente', 'Fernández', 'Gamboa', 10, 2, 'Clemente', 'ceda2c1ea6b00b427c72edb1f21f4e67', 'Fernandez_clemente@hotmail.cl', 'Fefernandez@manquehue.net', 'Mjgamboa@manquehue.net', 1, 2, 1),
(322, 'Benjamín', 'González', 'Demaría', 10, 2, 'Benjamin', '2bedd4205f7ac625ddc52ce780097fb0', 'bgonzalezd@manquehue.net', 'rgonzalez@alterra.cl', 'marcelademaria@manquehue.net', 1, 2, 1),
(323, 'Nicolás', 'Guerra', 'Hoffman', 10, 2, 'Nicolas', '5d6572635937f877689e0087238fbb2a', 'nguerrah99@gmail.com', 'pguerra@soltex.com', 'dhoffman@soltex.cl', 1, 2, 1),
(324, 'Matías', 'Gutiérrez', 'Ginesta', 10, 2, 'Matias', '006fb04513fa4b82d4044a60f465833b', 'matiasgutierrezginesta@hotmail.com', 'jgutierrez@ifortaleza.cl', 'pilarginesta@manquehue.net', 1, 2, 1),
(325, 'Roberto', 'Izquierdo', 'Pfingsthorn', 10, 2, 'Roberto', '579c0ab868f4b94610cf5c7d6434e44b', 'rizquierdop1@gmail.com', 'riv@fpc.cl', 'paulapfi@gmail.com', 1, 2, 1),
(326, 'Matías Ignacio', 'Lange', 'Villalobos', 10, 2, 'Matias Ignacio', '99548fb5352ba08580c0f6d5bc99fb03', 'matiaslange05@gmail.com', 'clangeg@gmail.com', 'mariaalejandravillalobos@hotmail.com', 1, 2, 1),
(327, 'José Francisco', 'Lefevre', 'Labbé', 10, 2, 'Jose Francisco', 'c316b473d8f190744b935d3dd819e7ce', 'joselefevre@hotmail.com', 'cristian.lefevre@cl.ey.com', 'macarenalabbeguzman@gmail.com', 1, 2, 1),
(328, 'Matías', 'León', 'Giacoman', 10, 2, 'Matias', 'e27f85f3c173c2909114499fa6738901', 'matiasandresleongiacoman@hotmail.com', 'cgiacoman@manquehue.net', 'cgiacoman@manquehue.net', 1, 2, 1),
(329, 'Santiago', 'Lührs', 'Bezmalinovic', 10, 2, 'Santiago', '1725eae285faf06b8000f927e5f13bd3', 'santiagoluhrs10@gmail.com', 'felix.luhrs@colgram.com', 'mcbezmalinovic@bbgchile.com', 1, 2, 1),
(330, 'Clemente', 'Meli', 'Paredes', 10, 2, 'Clemente', '8b2a7a7ebfed6887eb56c3728ad27174', 'Clementemeli15@gmail.com', 'Fmelipar@gmail.com', 'Fmelipar@gmail.com', 1, 2, 1),
(331, 'Martín', 'Mingo', 'Errandonea', 10, 2, 'Martin', '2410f9fc4d242ea9a322a4a454db0aa7', 'mmingoe@hotmail.com', 'Martinmingos@gmail.com', 'bernarditaerrandonea@gmail.com', 1, 2, 1),
(332, 'Felipe Agustín', 'Ossa', 'Llona', 10, 2, 'Felipe Agustin', '597144b5390e60d144ea22aa951facb4', 'Faossall@gmail.com', 'f.ossa@ossaabogados.cl', 'Pilollona@vtr.net', 1, 2, 1),
(333, 'Carlos', 'Prieto', 'Cuadrado', 10, 2, 'Carlos', 'ac9ddbc72c1318b100576ec4e0f53446', 'carlosprieto45_@hotmail.com', 'cprieto@dowork.cl', 'verocuadrados@gmail.com', 1, 2, 1),
(334, 'Javier Andrés', 'Ramírez', 'Moreno', 10, 2, 'Javier Andres', 'd63033dfec0f49145dd3289bc6eaf234', 'javi99@vtr.net', 'aramirezm@mi.cl', 'pamemorenot@mi.cl', 1, 2, 1),
(335, 'Armin Matías', 'Reinike', 'Guerra', 10, 2, 'Armin Matias', '93f271ba85a07bccb81cb071d176a9ad', 'areinikeg@gmail.com', 'areinikeg@gmail.com', 'areinike@reinike.cl', 1, 2, 1),
(336, 'Fernando', 'Rufin', 'De Pedro', 10, 2, 'Fernando', 'e10d1a42ff583baea56076bcf2443f77', 'fernando.rufin62@gmail.com', 'frufin@iimas.cl', 'doloresdepedro@hotmail.com', 1, 2, 1),
(337, 'Matías', 'Rufín', 'Díaz', 10, 2, 'Matias', 'b49a5abc485eac28e9bdbbe5645ece72', 'Matiasruf@hotmail.com', 'Crufin@apunto.cl', 'Crufin@apunto.cl', 1, 2, 1),
(338, 'Emilio', 'Seder', 'Sanz', 10, 2, 'Emilio', 'a6f12229d6a9dc7f68752631602bc21c', 'Emilio.seder02@gmail.com', 'Emilio.seder02@gmail.com', 'Mariaelena.sanz@gmail.com', 1, 2, 1),
(339, 'Carlos', 'Valdivieso', 'Pino', 10, 2, 'Carlos', '1661c0cdc83ced34af24387ffc9c0080', 'carlosvaldiviesop@hotmail.com', 'mcpino@santarita.cl', 'mcpino@santarita.cl', 1, 2, 1),
(340, 'Tomás Joaquín', 'Villar', 'Agüero', 10, 2, 'Tomas Joaquin', '129ecafc08ede31125cc935d612c263a', 'tmsvillar@gmail.com', 'j.villar@villar.cl', 'gabriela.aguero.vargas@gmail.com', 1, 2, 1),
(341, 'Andrés', 'Aliaga', 'Sánchez', 10, 3, 'Andres', '3773849b878ef499b4e354594efab920', 'familiaaliagasanchez@gmail.com', 'aaliaga@inversat.cl', 'carolasanchezhurtado@gmail.com', 1, 2, 1),
(342, 'Francisco', 'Bernard', '-', 10, 3, 'Francisco', '8e810ef90345dd1a0543bd88dd9f5907', 'franbernad@hotmail.com', 'ignacio.bernad@gmail.com', 'mlauracuster@yahoo.com.ar', 1, 2, 1),
(343, 'Juan Agustín', 'Caracci', 'Vera', 10, 3, 'Juan Agustin', 'a50e103ee6be7b57860a7e3d1271e683', 'caracci_jac@hotmail.com', 'jose.caracci@aditiva.com', 'cataveratria@gmail.com', 1, 2, 1),
(344, 'Sebastián', 'Castro', 'Covarrubias', 10, 3, 'Sebastian', '9b8998a74605097f480d326da5328e43', 'sebauc99@hotmail.com', 'acastro@grupomathiesen.com', 'covarrubiasgloria@hotmail.com', 1, 2, 1),
(345, 'Tomás', 'Claverie', 'Mingo', 10, 3, 'Tomas', '69b0fca1244616ca9aa94cfcfc0b7171', 'tomasclaverie@gmail.com', 'mclaverie@volcan.cl', 'polamingo@gmail.com', 1, 2, 1),
(346, 'Benjamín', 'Conrads', 'Araya', 10, 3, 'Benjamin', '1c95fd6a1930f75567f1bc8095c4a3ce', 'benjaminconrads@hotmail.com', 'lmaraya@manquehue.net', 'lmaraya@manquehue.net', 1, 2, 1),
(347, 'Vicente', 'Espinosa', 'López', 10, 3, 'Vicente', 'd729f298d8ed5cecb9c420e26f4c2659', 'Vicente.espio@gmail.com', 'Jtespinosao@gmail.com', 'Amlopez@manquehue.net', 1, 2, 1),
(348, 'Nicolás', 'Fagalde', 'Pascal', 10, 3, 'Nicolas', '0183f61cd378f22317efd1729d55585f', 'nico.fagalde16@gmail.com', 'robertofagaldeg@gmail.com', 'florviva@gmail.com', 1, 2, 1),
(349, 'Arturo', 'Fernández', 'Tagle', 10, 3, 'Arturo', '4d505b181c999f36298381fcb1e38d7e', 'Arturoftuc@gmail.com', 'Afs@ffv.cl', 'Macatagle@mi.cl', 1, 2, 1),
(350, 'Cristóbal', 'Guerrero', 'Guarello', 10, 3, 'Cristobal', '041b2766e55f31e62c2afa5fe613ac66', 'cristobalguerrero232008@gmail.com', 'german.guerrero@mbi.cl', 'catalinaguarello@gmail.com', 1, 2, 1),
(351, 'Federico', 'Haas', 'Abbott', 10, 3, 'Federico', '3a7113edeef890ae781d1d14c6a3beea', 'fedehaas123@gmail.com', 'fh@integraph.cl', 'cabbott@manquehue.net', 1, 2, 1),
(352, 'Luka Raul', 'Ilic', 'Vicent', 10, 3, 'Luka Raul', 'b5b69a6336d020509fceb0ca0929b106', 'luka_ilicv@hotmail.com', 'rbs@tie.cl', 'constanzavicent@gmail.com', 1, 2, 1),
(353, 'Cristóbal', 'Izquierdo', 'Prieto', 10, 3, 'Cristobal', '9c54ff20e85bd8843d34a175f9a93a10', 'cristobalizquierdo90@gmail.com', 'pizquierdo@constructoraizquierdo.cl', 'mpn@constructoraizquierdo.cl', 1, 2, 1),
(354, 'Carlos Ignacio', 'Kammel', 'Zañartu', 10, 3, 'Carlos Ignacio', 'deacedb9c0ad5f71d4cf40e03f462b51', 'carloskammelz@gmail.com', 'ckammel@silvavial.cl', 'vzanartu@vtr.net', 1, 2, 1),
(355, 'Joaquín', 'Manzano', 'Palacios', 10, 3, 'Joaquin', 'ed66b295e61d5f21fb04ea040e3f6769', 'joaquinmanzanop@hotmail.com', 'jmanzant@santander.cl', 'paulapalaciosc@manquehue.net', 1, 2, 1),
(356, 'Sebastián', 'Martínez', 'Bertrand', 10, 3, 'Sebastian', 'a2fa02995cecd7ad4f5567bc8216a7eb', 'sebasmarbe@gmail.com', 'gmartinez@santamartina.cl', 'marisa.bertrand@gmail.com', 1, 2, 1),
(357, 'Juan de Dios', 'Miranda', 'García', 10, 3, 'Juan de Dios', 'e849e799b9f41dbbeefa690038ba9679', 'juandemiranda80@gmail.com', 'amt@incopesa.cl', 'mariaeugeniagarcia@manquehue.net', 1, 2, 1),
(358, 'Santiago', 'Ramírez', 'Cortés', 10, 3, 'Santiago', '4d63435d0a911c122e5be46df4c45fc3', 'Santiago.ramirez9999@gmail.com', 'Jramirez@sitrans.cl', 'Lucha_cortes@hotmail.com', 1, 2, 1),
(359, 'Tomás', 'Rosselot', 'Opazo', 10, 3, 'Tomas', '2743e64fd011f03c78b12ca42ec9d97d', 'tomasrosselot@hotmail.com', 'erosselotc@gmail.com', 'joseopazoq21@hotmail.com', 1, 2, 1),
(360, 'Nicolás', 'Schmidt', 'Besa', 10, 3, 'Nicolas', 'cb4bf5f9f938f035cc6f330395fedd43', 'nico.schmidt.nsb@hotmail.com', 'aschmidt@friochile.cl', 'mbesa@ayg.cl', 1, 2, 1),
(361, 'Pablo Ignacio', 'Silva', 'Zúñiga', 10, 3, 'Pablo Ignacio', 'db585675cd712cd4d36cd903903f6a79', 'Pablosz1199@gmail.com', 'Pablo.silva@mega.cl', 'Bernarditazuniga@ymail.com', 1, 2, 1),
(362, 'Felipe', 'Smythe', 'Valdivieso', 10, 3, 'Felipe', '3d4da99490e3813cd8e1914fb949a621', 'fsmythev@gmail.com', 'fsmythes@gmail.com', 'carolinavaldivieso@manquehue.net', 1, 2, 1),
(363, 'Pedro', 'Solari', 'O Shea', 10, 3, 'Pedro', '5b41e3aa21cde728563fe93d15e8b8f5', 'solariped@gmail.com', 'solarip@megeve.cl', 'sor@manquehue.net', 1, 2, 1),
(364, 'Matías', 'Stephan', 'Santander', 10, 3, 'Matias', 'c7a0bfa71d4555d3c1aabcdb3a1e460b', 'matiasstephan99@gmail.com', 'rjs.stgo@gmail.com', 'loresantandero@hotmail.com', 1, 2, 1),
(365, 'Cristóbal Javier', 'Subiabre', 'Cuevas', 10, 3, 'Cristobal', '367b525dd5de86b6f06bd5c46b7a18ab', 'Cristobal.subiabre@gmail.com', 'Msubiabre@cji.cl', 'Mvcuevas@manquehue.net', 1, 2, 1),
(366, 'Clemente', 'Swett', 'Hederra', 10, 3, 'Clemente', '9fffdf85c540563856e92576d8665079', 'clemente1swett@gmail.com', 'ceswett@skitotal.cl', 'patte229@gmail.com', 1, 2, 1),
(367, 'Carlos', 'Vera', 'Villalobos', 10, 3, 'Carlos', '3f62a63594f511236c297b8e376d2e49', 'Caco.vera1@gmail.com', 'Cvera@ladybess.com', 'Mav@ladybess.com', 1, 2, 1),
(368, 'José', 'Ackermann', 'Fernández', 10, 4, 'Jose', '394b98b594aceb2dbcda7d1bf0f32039', 'Jackermannfz@yahoo.com', 'Rackermann@gmail.com', 'Mfernandez@seminarium.cl', 1, 2, 1),
(369, 'Francisco Javier', 'Allendes', 'De la Barra', 10, 4, 'Francisco Javier', 'a9ae28466e631d742233be6b84d9fd38', 'totoallendes@gmail.com', 'Francisco.allendes@teck.com', 'Terelandarch@gmail.com', 1, 2, 1),
(370, 'Carlos', 'Bianchi', 'Pino', 10, 4, 'Carlos', 'c3901ced306132ed5bc796ffa9ef3dfd', 'Kenroczen2@gmail.com', 'Carlos.bianchif@gmail.com', 'Angelicapino1@gmail.com', 1, 2, 1),
(371, 'José Antonio', 'Covarrubias', 'Valenzuela', 10, 4, 'Jose Antonio', '31c3b251a11b5b7d3e299e1373cccefd', 'covarrubias98@icloud.com', 'covarrubias98@icloud.com', 'valenzuelar.loreto@gmail.com', 1, 2, 1),
(372, 'Álvaro', 'Cox', 'Mujica', 10, 4, 'Alvaro', 'b70d904a6def6ffd88dc6d442e95aea5', 'acoxmujica@gmail.com', 'jecoxv@gmail.com', 'acoxmujica@gmail.com', 1, 2, 1),
(373, 'Nicolás Esteban', 'Díaz', 'Rodríguez', 10, 4, 'Nicolas Esteban', '3b543170d89390154c0e1b9b8c6ecebd', 'nicolasdiaz099@gmail.com', 'esteban.diaz@mdh.cl', 'pilirodriguezr@gmail.com', 1, 2, 1),
(374, 'Agustín', 'Eguiguren', 'Bustamante', 10, 4, 'Agustin', '0d26d98bfb599222e1e809ec362f4846', 'Agustin@incael.cl', 'aes@incael.cl', 'Mabf@incael.cl', 1, 2, 1),
(375, 'Rafael', 'Fuenzalida', 'Spoerer', 10, 4, 'Rafael', 'b21e556865686ed1156ec5a4454ec840', 'rafaelfuenzalidas@hotmail.com', 'cataspoerer@hotmail.com', 'cataspoerer@hotmail.com', 1, 2, 1),
(376, 'Tomás', 'Gacitúa', 'Grez', 10, 2, 'Tomas', '3aba0100b9a2d158b6dd6c9863fa4e38', 'tomas.gacitua@hotmail.com', 'jorge.gacitua@bice.cl', 'luz.grez@sodexo.com', 1, 2, 1),
(377, 'Cristóbal', 'González', 'Vergara', 10, 4, 'Cristobal', '9e67e369b9d7f7a67051bfa9ecd4aa4b', 'cristobalgonzalez99@gmail.com', 'jpgonzalezcorrea@gmail.com', 'ivergara1@gmail.com', 1, 2, 1),
(378, 'Clemente', 'Hernández', 'Lathrop', 10, 4, 'Clemente', '18b6ec8646f1b0aa613cc9aba81c68c6', 'Chenandezlathrop@gmail.com', 'Chenandezlathrop@gmail.com', 'Chenandezlathrop@gmail.com', 1, 2, 1),
(379, 'José Tomás', 'Iñiguez', 'Mujica', 10, 4, 'Jose Tomas', 'ecada4da18e4f72e2c26e03b417a08bf', 'jose.iniguezmujica@gmail.com', 'eduardo.i@creart.cl', 'todoalemana@gmail.com', 1, 2, 1),
(380, 'Cristóbal', 'Izquierdo', 'Ossandón', 10, 4, 'Cristobal', 'b8eb8572ca767ddc6950d76a7ebe8b59', '', '', '', 1, 2, 1),
(381, 'Benjamín', 'Lea - Plaza', 'Ibieta', 10, 4, 'Benjamin', '7fcbbcd5908a90775248cddde0d84794', 'benjamin.leaplaza@rocketmail.com', 'bleaplaza@pentasecurity.cl', 'alejandra.ibieta@gmail.com', 1, 2, 1),
(382, 'Vicente', 'Lührs', 'Concha', 10, 4, 'Vicente', '6c28ac8fa1362cccac2fbc01deb57af7', 'vicenteluhrs@yahoo.com', 'juan.luhrs@colgram.com', 'anitaconcha@yahoo.com', 1, 2, 1),
(383, 'Juan José', 'Marty', 'Ruiz', 10, 4, 'Juan Jose', '0983b715c31a79fd8bcc5b208c82b185', 'juanmartyruiz@gmail.com', 'juanjose@interplan.cl', 'fruizalvarado@gmail.com', 1, 2, 1),
(384, 'Nicolás', 'Mc Intyre', 'Walker', 10, 4, 'Nicolas', 'f77c28f9bfc97ab112c12f4411cd064f', 'nicomcintyrew@gmail.com', 'nmcintyrec@gmail.com', 'bernawalkerr@gmail.com', 1, 2, 1),
(385, 'José Antonio', 'Mendicoa', 'Munrro', 10, 4, 'Jose Antonio', '0983b715c31a79fd8bcc5b208c82b185', 'antoniomunro99@gmail.com', 'amendicoa@bevfoodcenter.cl', 'taty.munro@hotmail.com', 1, 2, 1),
(386, 'Tomás', 'Montes', 'Aguirre', 10, 4, 'Tomas', 'ed8799dad5c594c24c1866cb884e0306', 'Tmontes30@gmail.com', 'Montesraf@gmail.com', 'Beraguirre@gmail.com', 1, 2, 1),
(387, 'Alejandro', 'Natho', 'Fuentes', 10, 4, 'Alejandro', 'c61f4c3ee34252c7d70f07b9a9486c34', 'alenatho@hotmail.com', 'anatho@implementos.cl', 'conniefuentes@hotmail.com', 1, 2, 1),
(388, 'José María', 'Onetto', 'Hernández', 10, 4, 'Jose Maria', 'c5d024ad0d0e08288c5a5b4ff27d619b', 'Joseonettoh@gmail.com', 'aonettot@gmail.com', 'mvhernandez@gmail.com', 1, 2, 1),
(389, 'José Ignacio', 'Pizarro', 'Mansilla', 10, 4, 'Jose Ignacio', 'a7c5bc3deece4450f356511e39a4d092', 'joseignacio.pizarro@gmail.com', 'rodrigo.pizarro@ingenieros.cl', 'rodrigo.pizarro@ingenieros.cl', 1, 2, 1),
(390, 'Rodrigo', 'Quevedo', 'Suárez', 10, 4, 'Rodrigo', '0f1797a751372e28d5ecfd6eff5d20dd', 'Rodrigoqs99@hotmail.com', 'Macarenasuarezl@gmail.com', 'Macarenasuarezl@gmail.com', 1, 2, 1),
(391, 'Vicente', 'Rosas', 'Yáñez', 10, 4, 'Vicente', 'b74d24eb2d475d657a1086dd00d1daec', 'vr4553@hotmail.com', 'ar4553@hotmail.com', 'tere4372@hotmail.com', 1, 2, 1),
(392, 'Tomás José', 'Ruiz', 'Espinosa', 10, 4, 'Tomas Jose', 'a0286db1118fb6d6bea311b9f31710b7', 'truiz.23@hotmail.com', 'med.fruiz@gmail.com', 'bernardita@astonadvisors.cl', 1, 2, 1),
(393, 'Raimundo Francisco', 'Ruiz', 'Rolle', 10, 4, 'Raimundo Francisco', '26ab6245a284d19a182b91c206290e3e', 'raimundo.ruiz.rolle@gmail.com', 'aruizb@eurocorp.cl', 'mrolle@manquehue.net', 1, 2, 1),
(394, 'Juan José', 'Silva', 'Díaz de Valdés', 10, 4, 'Juan Jose', '016321b820a6f11a6af7873f2a92ece5', 'Jsilvad@outlook.cl', 'Isilva@igs.cl', 'Loretoddv@pgud.cl', 1, 2, 1),
(395, 'Lucas', 'Uranga', '-', 10, 4, 'Lucas', '8002cafd66017482a8c6a7561f77a6e4', 'lucasuranga@gmail.com', 'juuranga@cisco.com', 'gnatale@arnet.com.ar', 1, 2, 1),
(396, 'Marcelo', 'Von Chrismar', 'Figueroa', 10, 4, 'Marcelo', '57bf82341e0412a29a65dc880127f476', 'mvonchrismar@hotmail.com', 'mvonchrismar@vtr.net', 'cfigueroa@jmf.cl', 1, 2, 1),
(397, 'Nicolás', 'Aranda', 'Jiménez', 11, 5, 'Nicolas', '3f82f8937a1f4497a315ae9fda663cad', 'nico_aranda1998@hotmail.com', 'Braulio.aranda.e@gmail.com', 'Ojimenez@manquehue.net', 1, 2, 1),
(398, 'Arturo', 'Astaburuaga', 'Domínguez', 11, 5, 'Arturo', 'bda759a546086d4fe8947f099d87993e', 'arturo.astaburuaga@hotmail.com', 'Jfa@marvivo.cl', 'Monicadominguezc@gmail.com', 1, 2, 1),
(399, 'Ricardo', 'Bacarreza', 'Elgart', 11, 5, 'Ricardo', '1a24d6d72e437a73b3607d0b40facc68', 'Cato.bacarreza98@gmail.com', 'R.bacarreza@gmail.com', 'F.elgartlira@gmail.com', 1, 2, 1),
(400, 'Alejandro', 'Bertrand', 'Fernández', 11, 5, 'Alejandro', '37189a52f5dcaed4529ff470f8c6dff4', 'bertrandalejandro@gmail.com', 'alejan29@gmail.com', 'mcfernandezl@gmail.com', 1, 2, 1),
(401, 'Ignacio', 'Bianchi', 'Valenzuela', 11, 5, 'Ignacio', 'aefaede64363005783a61a01a01d6bd7', 'Nachobianchi98@gmail.com', 'Mbianchi@clc.cl', 'Vevavalenzuela11@gmail.com', 1, 2, 1),
(402, 'Martín', 'Bordalí', 'Velasco', 11, 5, 'Martin', 'fc12dcf26d1cea7848a4586eb6c39832', 'Martinbordali@gmail.com', 'Martinbordali@gmail.com', 'Martinbordali@gmail.com', 1, 2, 1),
(403, 'Nicolás', 'Bustamante', 'Correa', 11, 5, 'Nicolas', 'bb5de30d341a3c653b9048322d15f96b', 'Nicobustac@gmail.com', 'Jab@ingevec.cl', 'Correamdelc@gmail.com', 1, 2, 1),
(404, 'José Alberto', 'Carvallo', 'Izquierdo', 11, 5, 'Jose Alberto', '21b6b14b9a0622a19306aece5f675e79', 'albertocarvalloi@gmail.com', 'acarvallomarin@gmail.co', 'ter@gmail.com', 1, 2, 1),
(405, 'Diego', 'Cerda', 'Mardini', 11, 5, 'Diego', '9e39374b23506369a0d699c3ed5f428f', 'dcmz98@gmail.com', 'pcerdaz@manquehue.net', 'kokemr@gmail.com', 1, 2, 1),
(406, 'Vicente', 'Cibié', 'De la Sotta', 11, 5, 'Vicente', 'cb05c9f4c94ed5354d27ef6ecc16a529', 'vicentecibie98@gmail.com', 'ccibie@manquehue.net', 'ccibie@manquehe.net', 1, 2, 1),
(407, 'Felipe', 'Díaz', 'Marquez De La Plata', 11, 5, 'Felipe', '2640846504db22323e57e032a62c181f', 'felipediaz.dmp@gmail.com', 'juanjaime.diaz@mercurio.cl', 'pmarquez@uc.cl', 1, 2, 1),
(408, 'Gonzalo', 'Domínguez', 'Zubicoa', 11, 5, 'Gonzalo', 'd49267f9e391ec382139b251abf058e6', 'Gdominguezzubicoa@gmail.com', 'Gdominguez62@yahoo.com', 'Mvzubicoa@hotmail.com', 1, 2, 1),
(409, 'José Tomás', 'Fuentes', 'Noguera', 11, 5, 'Jose Tomas', 'c896d76bdc5ca388ccce5fae262182b9', 'tomi_fuentesn@hotmail.com', 'sfuentes@agrosystems.cl', 'mnoguera@agrosystems.cl', 1, 2, 1),
(410, 'Lukas', 'Fuenzalida', 'Spoerer', 11, 5, 'Lukas', 'd4090ce4f6605ec93825efb387a35351', 'Lukasafa@gmail.com', 'Gfggfg1@gmail.com', 'Cataspoerer@hotmail.com', 1, 2, 1),
(411, 'Nicolás', 'Guzmán', 'Salinas', 11, 5, 'Nicolas', 'b370b74da0f1f95e56f8d9a491771b91', 'nicoguzmans@hotmail.com', 'sguzman@cambiaso.cl', 'macasalinas@yahoo.com', 1, 2, 1),
(412, 'Tomás', 'Jullian', 'Martin', 11, 5, 'Tomas', 'df5d7da823947b3b1ef628cbf60ee339', 'tomasjullian@hotmail.com', 'pjullian@perfilbtl.cl', 'cmartin@perfilmarket.cl', 1, 2, 1),
(413, 'Benjamín Enrique', 'Leal', 'Vicuña', 11, 5, 'Benjamin Enrique', '672df2b0c08d72bf3a070ce7045ce86e', 'benjaelcuatrero@gmail.com', 'benjaelcuatrero@gmail.com', 'benjaelcuatrero@gmail.com', 1, 2, 1),
(414, 'Patricio', 'Lecaros', 'Vial', 11, 5, 'Patricio', '5dbfcba8437323958937b609c8846e87', 'Patolecarosv@gmail.com', 'Papamasbacan@hotmail.com', 'Piavial@hotmail.com', 1, 2, 1),
(415, 'Clemente', 'Lührs', 'Bezmalinovic', 11, 5, 'Clemente', 'b30c0ac0d87cc37a9e012c2c383f9a02', 'clementeluhrs@gmail.com', 'felix.luhrs@colgram.com', 'mcbezmalinovic@bbgchile.com', 1, 2, 1),
(416, 'José Tomás', 'Marchant', 'Riesco', 11, 5, 'Jose Tomas', '527edab1003a26e3efd048842738f975', 'Marchantriesco@hotmail.com', 'Jorge.marchant@orica.com', 'Veronicariesco@manquehue.net', 1, 2, 1),
(417, 'Cristóbal Joaquín', 'Marticorena', 'Vera', 11, 5, 'Cristobal Joaquin', '6c4e07d3b1c372c84ceb1d6cc83dc9d1', 'cristobalmarticorenavera@gmail.com', 'caroverag@gmail.com', 'caroverag@gmail.com', 1, 2, 1),
(418, 'Francisco Ignacio', 'Ossa', 'Llona', 11, 5, 'Francisco Ignacio', '3dc2a3f64d22c38c465c6c57dbe1ad9f', 'fiossallona@gmail.com', 'f.ossa@ossaabogados.cl', 'pilollona@vtr.net', 1, 2, 1),
(419, 'Cristián', 'Paul', 'López', 11, 5, 'Cristian', '031024fc8c3fd507c07c3456e06e7fac', 'cpaullo@hotmail.com', 'cpaullo@hotmail.com', 'cpaullo@hotmail.com', 1, 2, 1),
(420, 'Martín', 'Ross', 'Fernández', 11, 5, 'Martin', '012637f90c7c20c9bba05da1b1bb939c', 'martinrossf@hotmail.com', 'cristianross@mi.cl', 'soledadf@mi.cl', 1, 2, 1),
(421, 'Felipe', 'Sabaté', 'Garcés', 11, 5, 'Felipe', '69e9b0c00b172834a8d27b41c771efd0', 'Felipesabate98@gmail.com', 'Felipesabate@hotmail.com', 'Mpgarces@sanandres.cl', 1, 2, 1),
(422, 'Tomás', 'Ugarte', 'Corbo', 11, 5, 'Tomas', '747ae70ed83ee11705ebc9187d75de08', 'Tomasugartecorbo@hotmail.com', 'Jose.ugarte@mbi.cl', 'Bcorbo@fjguzman.cl', 1, 2, 1),
(423, 'Juan', 'Undurraga', 'Carey', 11, 5, 'Juan', '6a16a7fbfeda43784b60f508771ed1f9', 'juanundurragac@gmail.com', 'maxundurragam@gmail.com', 'colocarey@gmail.com', 1, 2, 1),
(424, 'Cristóbal', 'Urzúa', 'Reyes', 11, 5, 'Cristobal', 'bb5c81567cc294963df5fe1c780ddb61', 'Curzuarey@gmail.com', 'Gurzua1@hotmail.com', 'Areyes@gmail.com', 1, 2, 1),
(425, 'Cristóbal', 'Zaccarelli', 'Guridi', 11, 5, 'Cristobal', '6c6a41b858f159e05fc9408407797b44', 'c_zaccarelli@hotmail.com', 'c_zaccarelli@hotnail.com', 'c_zaccarelli@hotmail.com', 1, 2, 1),
(426, 'José Agustín', 'Arriagada', 'Barceló', 11, 6, 'Jose Agustin', '11d6f1f99f21389c59b5745c2c3eb315', 'jaarriagada97@gmail.com', 'iarriagada@manquehue.net', 'mbarcelo@manquehue.net', 1, 2, 1),
(427, 'Nicolás', 'Artigas', 'Aviles', 11, 6, 'Nicolas', 'a34ea91a0e86d4725a9a0e669f52f25c', 'nicolas_artigas@hotmail.com', 'jpa@actrust.cl', 'franaviles_3@hotmail.con', 1, 2, 1),
(428, 'Nicolás', 'Benavente', 'García-Huidobro', 11, 6, 'Nicolas', '7d26c4391ed2283db517ad5c21745b8b', 'nicolas.benaventegh@gmail.com', 'nicolas.benaventegh@gmail.com', 'nicolas.benaventegh@gmail.com', 1, 2, 1),
(429, 'Ignacio', 'Brunet', 'Whittle', 11, 6, 'Ignacio', 'a008da8a3bdbb7d668535fdcc6cf2997', 'ignaciobw@gmail.com', 'abrunet@ultramar.cl', 'fbw@mi.cl', 1, 2, 1),
(430, 'Agustín', 'Casasempere', 'Rojas', 11, 6, 'Agustin', '61cb7ae35b41b6d7d5244538a6798a70', 'agustin.casasempere@gmail.com', 'agustin.casasempere@gmail.com', 'agustin.casasempere@gmail.com', 1, 2, 1),
(431, 'Santiago', 'Claverie', 'Mingo', 11, 6, 'Santiago', '5d663bdfbe0b57e432e4d9544210e685', 'sclaverie42@gmail.com', 'mclaverie@volcan.cl', 'polamingo@gmail.com', 1, 2, 1),
(432, 'Sebastián', 'De Aguirre', 'Correa', 11, 6, 'Sebastian', '267793497b4c3896f195ceed0f4e432b', 'sebastiandeaguirre@hotmail.com', 'sdeaguirre@ids.cl', 'jucorreali@gmail.com', 1, 2, 1),
(433, 'Ernesto José', 'Elgart', 'Ovalle', 11, 6, 'Ernesto Jose', 'f3919d4415ea2ddcf0fd5303599506d5', 'tito.elgart@gmail.com', 'tito.elgart@gmail.com', 'tito.elgart@gmail.com', 1, 2, 1),
(434, 'Agustín Nicolás', 'Errázuriz', 'Gandolini', 11, 6, 'Agustin Nicolas', 'c8ca751110efc499c8718f3356cca96e', 'agustinerrazuriz@hotmail.com', 'ferrazuriz@cyd-internacional.cl', 'antogandolini@gmail.com', 1, 2, 1),
(435, 'Rafael', 'Fernández', 'Sanchez', 11, 6, 'Rafael', 'c04d04392c19426cda87e30be48bec78', 'rafafdz01@gmail.com', 'josefernandez@entelchile.net', 'amsanchezn@gmail.com', 1, 2, 1),
(436, 'José Antonio', 'García', 'Rivera', 11, 6, 'Jose Antonio', '8ed39a0303818d3d9470d9197d42b5d3', 'joseantoniogr98@gmail.com', 'rodrigog@floracenter.cl', 'kenarivera@hotmail.com', 1, 2, 1),
(437, 'Sebastián', 'Garib', 'Sande', 11, 6, 'Sebastian', 'cc851e90ce692d07f654acc76b2c5ee0', 'Sebagarib@hotmail.com', 'Jsgarib@gmail.com', 'Alejandrasande@manquehue.net', 1, 2, 1),
(438, 'Matías', 'Grau', 'Pirozzi', 11, 6, 'Matias', 'd3706a958cb9aa7149447a144a6bbe20', 'mgraupirozzi@gmail.com', 'jgrau@cartograf.cl', 'cpirozzi@cartograf.cl', 1, 2, 1),
(439, 'Hermógenes', 'Guerrero', 'Radic', 11, 6, 'Hermogenes', '50df4c5483cc27fd5e8b4fd98cf3a357', 'nito.guerrero@gmail.com', 'hg@erider.cl', 'daska@me.com', 1, 2, 1),
(440, 'Francisco José', 'Guzmán', 'Lafontaine', 11, 6, 'Francisco Jose', '87067d74179f8e1ef554290ca7258546', 'Benjaravest@hotmail.com', 'mfg.agroroff@terra.cl', 'llafontaine@udd.cl', 1, 2, 1),
(441, 'Diego', 'Hurtado', 'González', 11, 6, 'Diego', 'c72c23b7531fc9408844a0e867a218f6', 'diegohurtadog98@gmail.com', 'Jhurtado@rotam.com', 'mgonzalez.monica@gmail.com', 1, 2, 1),
(442, 'Gerardo', 'Lecaros', 'Lyon', 11, 6, 'Gerardo', '4d123a9fdc79af86dd1817cc9fbd6920', 'glecarosl@gmail.com', 'glecarosurzua@gmail.com', 'catalyonr@gmail.com', 1, 2, 1),
(443, 'Sebastián', 'Léniz', 'Maritano', 11, 6, 'Sebastian', '90a2b0b8c0c1d15301e58b9f238c2380', 'tatanleniz.m@gmail.com', 'sleniz@gmail.com', 'cmaritanof@manquehue.net', 1, 2, 1),
(444, 'Benjamín', 'Margozzini', 'Ferrer', 11, 6, 'Benjamin', '6a21dfcbfcf0f4c4c6283d6b0c8b084a', 'Bmargozzinif@gmail.com', 'Bmargozzini@gmargozzini.cl', 'Bmargozzini@gmargozzini.cl', 1, 2, 1),
(445, 'Joaquín Ignacio', 'Medovic', 'Oyarce', 11, 6, 'Joaquin Ignacio', '0bf0b0661ddb863f709ed7a4d0921405', 'joaquinmedovic@hotmail.com', 'zmd@hotmail.com', 'paulastecher@hotmail.com', 1, 2, 1),
(446, 'Rodolfo', 'Molina', 'Valdivieso', 11, 6, 'Rodolfo', '04380ffbb86e8a75ca5f3ee01a7a9af1', 'rmolinav98@gmail.com', 'jmolina@molinamorel.cl', 'kikavaldi@hotmail.com', 1, 2, 1),
(447, 'Cristián Tomás', 'Montenegro', 'Rubilar', 11, 6, 'Cristian Tomas', 'acbc15d468fa901f203daf090edaa932', 'cmontenegrorubilar@gmail.com', 'marielarubilarh@gmail.com', 'marielarubilarh@gmail.com', 1, 2, 1),
(448, 'Diego', 'Montero', 'Pagola', 11, 6, 'Diego', '635da5b423c3c4cabfcc86f7cf977ba6', 'Diego.montero98@hotmail.com', 'Jpmontero@yahoo.com', 'Nicolepagola@yahoo.com', 1, 2, 1),
(449, 'Raul Ignacio', 'Morales', 'Donoso', 11, 6, 'Raul Ignacio', '99fb4c8184eedddf7be74eee94276a2a', 'rmoralesdonoso@gmail.com', 'raulmorales@irp.cl', 'cdonoso@andesinv.cl', 1, 2, 1),
(450, 'Diego', 'Noguera', 'Salinas', 11, 6, 'Diego', 'fb701358f4eb7791cbcd7a0e731f2cdb', 'diegonoguera97@gmail.com', 'Francisconoguera@gmail.com', 'P.salinas@gmail.com', 1, 2, 1),
(451, 'José Ignacio', 'Ortíz', 'Lecaros', 11, 6, 'Jose Ignacio', 'e151e0a12043ee7dddcdb2b3828268bc', 'jose.i.ortiz98@gmail.com', 'Alecaros@altag.cl', 'Alecaros@altag.cl', 1, 2, 1),
(452, 'Benjamín', 'Ravest', 'Izquierdo', 11, 6, 'Benjamin', '747f335d516fb64950673b3b313dd2f2', 'benjaravest@gmail.com', 'jeravest@gmail.com', 'ameliaic@hotmail.com', 1, 2, 1),
(453, 'Enzo', 'Rivera', 'Cienfuegos', 11, 6, 'Enzo', '53ead89e1d0ea6591f74223067083fa1', 'enzo.rivera2@gmail.com', 'erivera@bbr.cl', 'acienfuegos@bbr.cl', 1, 2, 1),
(454, 'Eugenio', 'Vicuña', 'Latorre', 11, 6, 'Eugenio', '37974f2e94df625990c603af2103859b', 'Eugeniovicuna25@gmail.com', 'Alb4@123.cl', 'Mariaignacialatorre@hotmail.com', 1, 2, 1),
(455, 'Antonio', 'Villar', 'Agüero', 11, 6, 'Antonio', 'bdc81234e7d465fa61463d450cfaa2be', 'Antonio.villar1997@hotmail.com', 'Gabriela.aguero@gmail.cl', 'J.villar@gmail.com', 1, 2, 1),
(456, 'Vicente', 'Ackermann', 'Fernández', 11, 7, 'Vicente', 'e46f71526da0dd5a0d00d4be30271dc8', 'ackermannvicente@gmail.com', 'rackermann@gmail.com', 'mfernandez@seminarium.cl', 1, 2, 1),
(457, 'Cristián', 'Arias', 'Cruz', 11, 7, 'Cristian', '897e9abc25292fa4d403ea102189ac7a', 'cristian98arias@gmail.com', 'armandoarias7@gmail.com', 'mpilarcruz@gmail.com', 1, 2, 1),
(458, 'Daniel Andrés', 'Barrientos', 'Montes', 11, 7, 'Daniel Andres', '5abc5f8b791cdea0817766860e08d893', 'Daniel.b.m.98@hotmail.com', 'Daniel.b.m.98@hotmail.com', 'Daniel.b.m.98@hotmail.com', 1, 2, 1),
(459, 'Eduardo', 'Bizama', 'Bustos', 11, 7, 'Eduardo', '1b3df96c34a6902adee53d870142eadc', 'eduardobizama11@gmail.com', 'eduardo.bizama@gmail.com', 'alejandrabustos68@hotmail.com', 1, 2, 1),
(460, 'Benjamín', 'Castro', 'Rodríguez', 11, 7, 'Benjamin', '8a9369238f15afde07fe7cd408f0b3dd', 'Benja.castror@gmail.com', 'Adelmo.castro@gmail.com', 'Eugeniarodriguez93@gmail.com', 1, 2, 1),
(461, 'Pablo', 'Cueto', 'Délano', 11, 7, 'Pablo', '45847ab8398d146e3e263778a61cb4f0', 'pablocuetod5@gmail.com', 'ignacio.cueto@lan.com', 'paula1@mi.cl', 1, 2, 1),
(462, 'Santiago', 'Dussaillant', 'Devilat', 11, 7, 'Santiago', 'e62b9cc755ecca51a109bfb710c95dc8', 'santidussaillant@gmail.com', 'juan.dussaillant@forus.cl', 'cdevilat@manquehue.net', 1, 2, 1),
(463, 'Clemente', 'Echenique', 'Bordalí', 11, 7, 'Clemente', '019473d937ffc15a5b1ab7f9c4cc8a73', 'clementeche98@gmail.com', 'jecheniq@ieee.org', 'carmenbordali@hotmail.com', 1, 2, 1),
(464, 'Sebastián', 'Fuentes', 'Prieto', 11, 7, 'Sebastian', '3850118cd9f8f02e832ff87e9d8be005', 'Sebastianfuentes10@gmail.com', 'Gfuentes@bo.cl', 'Mprieton@gmail.com', 1, 2, 1),
(465, 'Martín', 'Henríquez', 'Curkovic', 11, 7, 'Martin', '019a439f34beb4822327d9f223923161', 'martin.henriquez197@gmail.com', 'Phenriquez@arrimaq.com', 'anticac@manquehue.net', 1, 2, 1),
(466, 'Santiago', 'Herrera', 'Palacios', 11, 7, 'Santiago', '2bab1c73f97408112fd1e2c878af1db9', 'santiherrerap@gmail.com', 'Cristianherreraf@hotmail.com', 'Loretopalacios@gmail.com', 1, 2, 1),
(467, 'Pedro Felipe', 'Iñiguez', 'Greene', 11, 7, 'Pedro Felipe', '45255a1f482db34416137f07a9852085', 'iniguezpedrofelipe@gmail.com', 'pedro.iniguez@consorcio.cl', 'allison.greene@afex.cl', 1, 2, 1),
(468, 'Juan José', 'Lyon', 'Biancani', 11, 7, 'Juan Jose', '10d4c5a3cb28be321840b894c482b997', 'lyon.juanjose@gmail.com', 'lyon.juanjose@gmail.com', 'lyon.juanjose@gmail.com', 1, 2, 1),
(469, 'Vicente', 'Mardones', 'Perez', 11, 7, 'Vicente', '1139c7361e0387d34d433ad680556f01', 'vicentem196387250@gmail.com', 'amardones@bice.cl', 'majosep@gmail.com', 1, 2, 1),
(470, 'Fernando', 'Marín', 'Bozzo', 11, 7, 'Fernando', '77df27c5afa9a01a74374f0dbb2221f6', 'fermarinbozzo@gmail.com', 'fmarin@manquehue.net', 'palulabozz@gmail.com', 1, 2, 1),
(471, 'Crescente', 'Melisenda', 'Saavedra', 11, 7, 'Crescente', '57148a29a1ba384749fab52e44553b0c', 'cmelisenda@gmail.com', 'cmelisenda@casinoschile.cl', 'soledad.s@manquehue.net', 1, 2, 1),
(472, 'Oscar Ignacio', 'Molinos', 'Lagos', 11, 7, 'Oscar Ignacio', 'a22c745a2f674bd3ad9ef92a7c783405', 'oscar.molinos@gmail.com', 'omolinos@manquehue.net', 'mplagos@manquehue.net', 1, 2, 1),
(473, 'Santiago', 'Morales', 'Alcalde', 11, 7, 'Santiago', '91251cbeeab30858d6012df6644d877c', 'tago470@gmail.com', 'GMorales@moralesybesa.cl', 'alcaldemjose@gmail.com', 1, 2, 1),
(474, 'Juan', 'Nenadovich', 'Yarur', 11, 7, 'Juan', 'beaa9387a6fb53e61c547cc69f8b7fe0', 'Juannenadovichyarur@gmail.com', 'Juan.nenadovich@gmail.com', 'pandrea.yarur@gmail.com', 1, 2, 1),
(475, 'Diego', 'Ovalle', 'Salinas', 11, 7, 'Diego', '815b1967bccf761eb6918b80a0d3b1c4', 'Diegoovalle24.do@gmail.com', 'Jiovalle@bye.cl', 'Ovallesalinas@Hotmail.Com', 1, 2, 1),
(476, 'Juan José', 'Parada', 'Pinilla', 11, 7, 'Juan Jose', 'c5b1c4fe4d30dad09aff0eb0c7f49ab0', 'juan.parada.p@hotmail.com', 'Juanjose_parada@tie.cl', 'Cpinilla@tattersall.cl', 1, 2, 1),
(477, 'Ignacio', 'Puente', '-', 11, 7, 'Ignacio', '6870336e0d8bfab9f625b51fc446da63', 'Ignaciopsolari@hotmail.com', 'Ignaciopsolari@hotmail.com', 'Ignaciopsolari@hotmail.com', 1, 2, 1),
(478, 'Mario Andrés', 'Reinike', 'Werth', 11, 7, 'Mario Andres', '3784edff1cd55000bc8103fb08d826f1', 'marioreinike@gmail.com', 'mrl@reinike.cl', 'paulinawerth@manquehue.net', 1, 2, 1),
(479, 'Ignacio', 'Varas', 'Guerrero', 11, 7, 'Ignacio', '856c6a705c9c881de913a6fb9a2e00a6', 'varas.ignacio98@gmail.com', 'Andres.varas@bupa.cl', 'Manegue@gmail.com', 1, 2, 1),
(480, 'Francisco', 'Vicuña', 'Spoerer', 11, 7, 'Francisco', '22482f840769b9dd3c46bea4739bcecb', 'fvicunasp@gmail.com', 'fvicuna@agrovino.cl', 'lelespoerer@hotmail.com', 1, 2, 1),
(481, 'Javier', 'Vigil', 'Vásquez', 11, 7, 'Javier', 'd6860ec997e7aecc3f1a013a8127e349', 'Javiervigilv@gmail.com', 'Carlos.vigil.c@gmail.com', 'Ackermannvicente@gmail.com', 1, 2, 1),
(482, 'Jorge', 'Welch', 'Radic', 11, 7, 'Jorge', '9344aa484c57cc0e93915a531b11d652', 'Pituwelchjr@gmail.com', 'pituwelchjr@gmail.com', 'dradicd@me.com', 1, 2, 1),
(483, 'Santiago', 'Zabala', 'Barros', 11, 7, 'Santiago', 'a29451f4de7511ca6d8330bda73e2493', 'Santiagozabalabarros@gmail.com', 'Javiervigilv@gmail.com', 'tomasjullian@hotmail.com', 1, 2, 1),
(484, 'Benjamín', 'Canales', 'Délano', 11, 8, 'Benjamin', 'f7ff2275b28fb02fdda82dfe97bb9625', 'Canales5benjamin@gmail.com', 'Pcanales@lancargo.com', 'Caroladelano@hotmail.com', 1, 2, 1),
(485, 'Luis', 'Chadwick', 'Lehuedé', 11, 8, 'Luis', 'd8bf75dc01433bf681d10707455022f9', 'luchochadwick@gmail.com', 'flehude@gmail.com', 'lchadwick@globalandesexport.com', 1, 2, 1),
(486, 'Pedro Vicente', 'Cofré', 'Greisse', 11, 8, 'Pedro Vicente', 'aa54e00806afbd05f59a21a85d56eaaf', 'pedrocofre5@gmail.com', 'pedrocofre@fastpsck.cl', 'cgreisse@gmail.com', 1, 2, 1),
(487, 'Santiago', 'Concha', 'Guzmán', 11, 8, 'Santiago', '6050467101701285887727d13a5e527f', 'santiagoconcha_9@hotmail.com', 'cconchau@gmail.com', 'mjgm_32@hotmail.com', 1, 2, 1),
(488, 'Fernando', 'Corssen', 'Widoycovich', 11, 8, 'Fernando', '04aae26c87eb99ed6aabd28d185ae752', 'corssenfernando@gmail.com', 'ccorssen@rway.cl', 'cw@manquehue.cl', 1, 2, 1),
(489, 'Pablo', 'Domínguez', 'Porzio', 11, 8, 'Pablo', 'f752fa9215e3385cc33505b39e307f16', 'Pablo.dp29@gmail.com', 'Jidominguez@manquehue.net', 'Pporzio@manquehue.net', 1, 2, 1),
(490, 'Rafael', 'Eguiguren', 'Vial', 11, 8, 'Rafael', '1957c7a85286530975ffe79e82304adc', 'Rafael_eguiguren@hotmail.com', 'Geguigurenc@gmail.com', 'Teresavialr@gmail.com', 1, 2, 1),
(491, 'Vicente', 'Fabres', 'Irarrázaval', 11, 8, 'Vicente', '2dae5bc61ce2236c48b8bd1fe5141bee', 'Vfabres98@gmail.com', 'Famfabresi@gmail.com', 'Famfabresi@gmail.com', 1, 2, 1),
(492, 'Cristóbal', 'Fantuzzi', 'Irarrázaval', 11, 8, 'Cristobal', 'e00b8537612435c92b0f8a3304bf54ad', 'cristobal.fantuzzi@gmail.com', 'paulairarrazaval@gmai.com', 'paulairarrazaval@gmai.com', 1, 2, 1),
(493, 'Agustín', 'Fuentes', 'Garcés', 11, 8, 'Agustin', '85b9efaca2df21fc2cf98ad6fc99a5d7', 'Agustin_fuentesgarces@hotmail.com', 'Agustin_fuentesgarces@hotmail.com', 'Agustin_fuentesgarces@hotmail.com', 1, 2, 1),
(494, 'Ignacio', 'Guerrero', 'Guarello', 11, 8, 'Ignacio', '5e1b917657946be7a3ea75a6894e91cc', 'ignacioguerrero14@hotmail.com', 'catalinaguarello@gmail.com', 'catalinaguarello@gmail.com', 1, 2, 1),
(495, 'Francisco', 'Guzmán', 'Pilasi', 11, 8, 'Francisco', '1b284c95a1c684e8ad1ec725221e20a9', 'guzman4860@gmail.com', 'claudia.pilasi@colegioeverest.cl', 'claudia.pilasi@colegioeverest.cl', 1, 2, 1),
(496, 'Lucas', 'Izquierdo', 'Larraín', 11, 8, 'Lucas', 'e45727f06a0502d64c209c828c2771d3', 'zafrade@gmail.com', 'escueladefutbol7@gmail.com', 'Barbaralarrainr@gmail.com', 1, 2, 1),
(497, 'Felipe', 'Juillerat', 'Ferrer', 11, 8, 'Felipe', '0cbc957dcaf3f8cb43d3aa1592b97a83', 'fjuilleratf@gmail.com', 'fjuilleratf@gmail.com', 'fjuilleratf@gmail.com', 1, 2, 1),
(498, 'Joaquín', 'Kipreos', 'Yaber', 11, 8, 'Joaquin', '7a94aa18c57f057d3a10dc37c181ec5f', 'jkipreos@hotmail.com', 'patricia.yaber@gmail.com', 'patricia.yaber@gmail.com', 1, 2, 1),
(499, 'Akio Mauricio', 'Kodama', 'Miura', 11, 8, 'Akio Mauricio', 'e58ad876e544a01c845d466b3bc49253', 'Akiokodama@hotmail.cl', 'Kkodama@kodama.cl', 'Alemiura@hotmail.com', 1, 2, 1),
(500, 'Martín', 'Lira', 'Tuckermann', 11, 8, 'Martin', '2dfa04f6f38e8ab3530265a9cb5b31e4', 'martinlira1998@gmail.com', 'martin@lytarquitectos.cl', 'paula@lytarquitectos.cl', 1, 2, 1),
(501, 'Matías', 'Mandiola', 'Ramírez', 11, 8, 'Matias', 'e3c815a2829f132f0bcc8e23e71e07ed', 'Matias.mandiola@hotmail.com', 'Amandiola@security.net', 'Macarenaramirez@manquehue.net', 1, 2, 1),
(502, 'Tomás', 'Medovic', 'Oyarce', 10, 4, 'Tomas', '17e9df5f65b7487ad2b2c0762b0e4560', 'tomeoy@hotmail.com', 'zmd@medovic.cl', 'paulastecher@hotmail.com', 1, 2, 1),
(503, 'Fernando', 'Mir', 'Bezanilla', 11, 8, 'Fernando', '2c3116b8ad586929a2732ef312f6d5ea', 'juanfernandomir@gmail.com', 'f.mir@volvek.cl', 'verobezanilla@gmail.com', 1, 2, 1),
(504, 'Matías', 'Phillips', 'Janssen', 11, 8, 'Matias', 'b20787f95cb558e057945eb8b79648b4', 'Matiphillips@gmail.com', 'Kote@comsur.cl', 'Vere1@gmail.com', 1, 2, 1),
(505, 'Felipe', 'Rojas', 'Barrios', 11, 8, 'Felipe', 'ed0c273edd7479798387ea63119c2ca8', 'Felipe.rojasb@hotmail.com', 'Projass@bbva.com', 'Sbarrios2764@hotmail.com', 1, 2, 1),
(506, 'Rafael', 'Selman', 'Álvarez', 11, 8, 'Rafael', 'c4f81780a8728745c8c4a719ead4dcb5', 'psnselman@gmail.com', 'rselmanster@manquehue.net', 'calvarez@alemana.cl', 1, 2, 1),
(507, 'Diego', 'Sepúlveda', 'González', 11, 8, 'Diego', 'c82208c36bcefaaf90344102e7a5b26a', '', '', '', 1, 2, 1),
(508, 'Clemente', 'Spoerer', 'Larraín', 11, 8, 'Clemente', 'aa0df32869954635d168ef3685bddee8', 'spoerer40@gmail.com', 'cspoerer@savillerow.cl', 'verolward2002@yahoo.com', 1, 2, 1),
(509, 'Cristóbal', 'Tagle', 'Ojeda', 11, 8, 'Cristobal', '7c58f0d73fdea543650d6b81243a068b', 'ctagle_10@hotmail.com', 'raimundo.tagle@consorcio.cl', 'pepiojeda@manquehue.net', 1, 2, 1),
(510, 'Martín', 'Valdés', 'Mery', 11, 8, 'Martin', '249eb31d85f838fbfdb71804803d71bc', 'mvaldesmery@gmail.com', 'jorge.valdes@peri.cl', 'jorge.valdes@peri.cl', 1, 2, 1),
(511, 'Rafael', 'Valdivieso', 'Bulnes', 11, 8, 'Rafael', '2e9238761bd539d472a329b8f7d8b0e3', 'rafavaldiviesobulnes@gmail.com', 'caquebulnesm@gmail.com', 'caquebulnesm@gmail.com', 1, 2, 1),
(512, 'Pablo', 'Yrarrázaval', 'Stübe', 11, 8, 'Pablo', '5ca43896233ccaf4a1c539af8081d00e', 'pyrarrazaval6@gmail.com', 'pabloyrarrazaval@gmail.com', 'piastube@gmail.com', 1, 2, 1),
(513, 'Manuel José', 'Lira', 'Eguiguren', 10, 3, 'manuel', 'deea0f03a00e000d0bceb0a22ff1b4a7', 'mjlirae@gmail.com', 'clira@blizzard.cl', 'ceguigurenc@gmail.com', 1, 2, 1),
(514, 'Smiljan Antonio', 'Ilic', 'Leay', 11, 7, 'smiljan', 'bc7d99586fc8f6fec441b1527e60a3f2', 'Smiljan.ilic97@gmail.com', 'Silic@constructoratierra.cl', 'Alejandraleay@gmail.com', 1, 2, 1),
(515, 'Jorge', 'Ugalde', 'Zincke', 10, 1, 'jorge', '4ce42027bcfa84f785722d792cf34d73', 'jorge.ugalde76@gmail.com', 'adugalde@vtr.net', 'kzincke@vtr.net', 1, 2, 1),
(516, 'Maria Jose', 'Vasquez', 'Chavarriga', 0, 0, 'Maria Jose', 'fa7d1aa9450e39d19fe9f4e0f3b6091f', '', '', '', 1, 1, 1),
(517, 'Cristóbal', 'Cruz', 'Mackenna', 10, 3, 'cristobal', '3e0a3f32ae3275ed885dd3310c93fa3f', 'cristobalcruzm@gmail.com', 'ecruzu@cruzydavila.cl', 'crumack@manquehue.net', 1, 2, 1);

--
-- Índices para tablas volcadas
--

--
-- Indices de la tabla `colegio`
--
ALTER TABLE `colegio`
 ADD PRIMARY KEY (`id_col`);

--
-- Indices de la tabla `curso`
--
ALTER TABLE `curso`
 ADD PRIMARY KEY (`id_cur`), ADD KEY `id_nivel` (`id_nivel`), ADD KEY `id_col` (`id_col`);

--
-- Indices de la tabla `electivo`
--
ALTER TABLE `electivo`
 ADD PRIMARY KEY (`id_elect`), ADD KEY `id_plan` (`id_plan`), ADD KEY `id_nivel` (`id_nivel`), ADD KEY `id_col` (`id_col`);

--
-- Indices de la tabla `fecha`
--
ALTER TABLE `fecha`
 ADD PRIMARY KEY (`id_fecha`), ADD KEY `id_col` (`id_col`);

--
-- Indices de la tabla `nivel`
--
ALTER TABLE `nivel`
 ADD PRIMARY KEY (`id_nivel`);

--
-- Indices de la tabla `plan`
--
ALTER TABLE `plan`
 ADD PRIMARY KEY (`id_plan`);

--
-- Indices de la tabla `s_electivo`
--
ALTER TABLE `s_electivo`
 ADD PRIMARY KEY (`id_elect_s`), ADD KEY `id_plan` (`id_elect`,`id_usr`,`id_cur`), ADD KEY `id_usr` (`id_usr`), ADD KEY `id_cur` (`id_cur`), ADD KEY `id_elect` (`id_elect`), ADD KEY `id_col` (`id_col`);

--
-- Indices de la tabla `usuarios`
--
ALTER TABLE `usuarios`
 ADD PRIMARY KEY (`id_usr`);

--
-- AUTO_INCREMENT de las tablas volcadas
--

--
-- AUTO_INCREMENT de la tabla `colegio`
--
ALTER TABLE `colegio`
MODIFY `id_col` int(11) NOT NULL AUTO_INCREMENT,AUTO_INCREMENT=4;
--
-- AUTO_INCREMENT de la tabla `curso`
--
ALTER TABLE `curso`
MODIFY `id_cur` int(11) NOT NULL AUTO_INCREMENT,AUTO_INCREMENT=17;
--
-- AUTO_INCREMENT de la tabla `electivo`
--
ALTER TABLE `electivo`
MODIFY `id_elect` int(11) NOT NULL AUTO_INCREMENT,AUTO_INCREMENT=24;
--
-- AUTO_INCREMENT de la tabla `fecha`
--
ALTER TABLE `fecha`
MODIFY `id_fecha` int(11) NOT NULL AUTO_INCREMENT,AUTO_INCREMENT=2;
--
-- AUTO_INCREMENT de la tabla `nivel`
--
ALTER TABLE `nivel`
MODIFY `id_nivel` int(11) NOT NULL AUTO_INCREMENT,AUTO_INCREMENT=12;
--
-- AUTO_INCREMENT de la tabla `plan`
--
ALTER TABLE `plan`
MODIFY `id_plan` int(11) NOT NULL AUTO_INCREMENT,AUTO_INCREMENT=6;
--
-- AUTO_INCREMENT de la tabla `s_electivo`
--
ALTER TABLE `s_electivo`
MODIFY `id_elect_s` int(11) NOT NULL AUTO_INCREMENT,AUTO_INCREMENT=673;
--
-- AUTO_INCREMENT de la tabla `usuarios`
--
ALTER TABLE `usuarios`
MODIFY `id_usr` int(11) NOT NULL AUTO_INCREMENT,AUTO_INCREMENT=518;
--
-- Restricciones para tablas volcadas
--

--
-- Filtros para la tabla `curso`
--
ALTER TABLE `curso`
ADD CONSTRAINT `curso_ibfk_1` FOREIGN KEY (`id_nivel`) REFERENCES `nivel` (`id_nivel`);

--
-- Filtros para la tabla `s_electivo`
--
ALTER TABLE `s_electivo`
ADD CONSTRAINT `s_electivo_ibfk_1` FOREIGN KEY (`id_usr`) REFERENCES `usuarios` (`id_usr`),
ADD CONSTRAINT `s_electivo_ibfk_2` FOREIGN KEY (`id_cur`) REFERENCES `curso` (`id_cur`),
ADD CONSTRAINT `s_electivo_ibfk_4` FOREIGN KEY (`id_elect`) REFERENCES `electivo` (`id_elect`),
ADD CONSTRAINT `s_electivo_ibfk_5` FOREIGN KEY (`id_col`) REFERENCES `colegio` (`id_col`) ON DELETE NO ACTION ON UPDATE NO ACTION;

/*!40101 SET CHARACTER_SET_CLIENT=@OLD_CHARACTER_SET_CLIENT */;
/*!40101 SET CHARACTER_SET_RESULTS=@OLD_CHARACTER_SET_RESULTS */;
/*!40101 SET COLLATION_CONNECTION=@OLD_COLLATION_CONNECTION */;
